"marker_id","active_signal","pleiotropy_signal","direction_signal","random_signal"
"m1",-0.624984814876611,0.210047649779047,-0.849999300886033,0.495906801436197
"m2",-1.44187374244618,0.514555854204301,-0.10368865877246,0.715516474745516
"m3",0.361276078674649,-0.620661418305069,-0.894959334969814,1.92872039742981
"m4",-1.20816186141281,-1.15749756182522,0.587634615645344,-0.393331343887058
"m5",-0.30292427022314,0.214914837231027,-0.0364426867496248,0.673235374097416
"m6",-0.834939885582366,-0.760880160231235,0.0722882904300027,-0.0927451533298692
"m7",-0.856291155815939,-0.394436643085148,1.11916124229215,-1.57951851925119
"m8",-0.984006010333653,-0.0770774976842787,0.336291288882957,0.163903051791451
"m9",-0.191263824893746,0.206836228854265,0.387067314704735,0.908346618131848
"m10",0.629925316907247,-0.764360302093405,0.479931673238957,1.35685483560822
"m11",-0.551496351892689,-0.334954716794547,-0.642295523546773,-0.290741946434624
"m12",0.155541747699287,-0.345870446360421,0.230893780446467,-0.372566667931625
"m13",0.94952291452919,-1.44670270406168,1.25225656451008,0.953920637235573
"m14",-1.03782209933893,0.0854841568545605,-0.863007122498411,-0.560592860986871
"m15",-1.02337225249776,-1.36491878417691,-0.842175049809084,0.325284402476509
"m16",-0.837000239516273,0.718579045669345,0.256697365609922,-1.5095647688247
"m17",-0.310904897000127,-0.791279607880072,0.233671202708583,0.809790335892312
"m18",-0.554555615642512,-0.721814613416145,1.13478614200396,-0.458572853846922
"m19",-1.11622577397292,-0.156223456056785,0.0263514650077985,-0.824738348600796
"m20",-1.92768354592772,1.08607798755586,-0.0685836165227905,1.14112891775932
"m21",0.116288915302795,0.199341737770413,-0.116358618455793,0.539799473712419
"m22",0.0864560311520919,0.453524726753464,-0.43110921756477,-0.213539940890628
"m23",-0.0625035661138728,0.616323830814867,1.02571561347197,-0.299625717234705
"m24",-0.444850434129154,0.780351910066918,0.0516914235097184,2.09884639569298
"m25",-0.303923538138471,-0.223427449775418,-0.153120240203718,-1.44343622458999
"m26",-0.610752011961315,-1.38989830373219,-0.342256699483444,0.884192402184066
"m27",0.17044409750866,0.572839035177365,-0.987830394474976,0.0232833928924556
"m28",-1.23811145834461,0.20566851139343,-0.356771437314724,-0.141795070572026
"m29",0.10101719175907,-0.150637385164495,-0.430844279257193,-2.4125778197083
"m30",-0.190040070703118,-0.533834537087204,-1.24794019673106,0.613958042805618
"m31",-1.0689657288844,-1.01993734910768,0.792474041730385,-1.68141682389865
"m32",-0.0859851435249029,0.812020356880082,-0.276730363975297,0.615139459339226
"m33",-0.0542789344618704,-0.845196113106616,-0.377448047600931,-0.716242562358282
"m34",-0.168366774496402,0.326564631822803,1.52821044600495,0.232997759783634
"m35",0.582613651941476,-0.73378857866416,0.777365323371296,0.76103875108357
"m36",-1.44440294931646,0.149270564927051,-0.0791060130196621,0.700196365874234
"m37",-0.0163050636270704,-0.788115277982921,-1.02144879130061,1.21414176523334
"m38",-0.54168253542885,0.723032215818741,-0.96773812118845,0.150273257493028
"m39",0.210016173036011,0.300200065801547,-0.683942254530945,0.319342467227111
"m40",1.41810657957129,0.254415526875002,-0.897968159826941,-1.63694582061611
"m41",-0.508476184437384,-0.789177385186923,0.62272427245226,0.907438258561616
"m42",0.0709052413532662,-0.0671857148803706,0.752858102060432,0.657697324387059
"m43",-1.02235693443917,0.326565861832417,0.610160973129019,-0.00532460389730291
"m44",0.740427656758388,0.523528964391841,1.2186415793582,-2.04679832258478
"m45",-0.779075329294822,0.966593582823719,0.430502708879871,-0.899789009872313
"m46",0.16219037892865,-0.981765986511514,0.235165208170439,1.53713741145165
"m47",0.547551630051436,0.568736727951164,-0.479809094126212,-1.1826875926063
"m48",-0.926154269590224,-0.774373646572839,0.63156873226677,-0.0943431489005371
"m49",0.186803605815125,-0.0320146286019724,1.193507957199,1.5313759010171
"m50",-1.62465221203572,-0.511457451338339,-0.0778339552648904,0.0096568271741219
"m51",-0.655362832839575,-1.06653706529127,0.133362955777141,1.19126199008369
"m52",-0.397225182651312,-0.623904811998498,-0.0766502337785191,2.25240120362186
"m53",0.103045379265276,-0.595473874020941,1.68489302032207,-0.732738769278259
"m54",0.79116193960923,-1.75853896702525,-2.08454288235949,-0.832004991171794
"m55",-0.227829859973896,-0.0327063528367125,-0.33803562986223,1.03392239986893
"m56",-0.241631171013108,0.078366077295115,0.96136103952495,0.719712237537258
"m57",-1.85181721210535,1.08491534232097,1.59729294383476,0.953028237496938
"m58",-0.754937117411915,-0.428495566470761,-0.238007427650759,-1.75793137954505
"m59",0.674577719885329,0.0779648260138682,0.105293552533627,-0.425391833552179
"m60",-0.659954798966257,-1.69271523617665,0.897731601414618,-1.96993901840719
"m61",-1.82845410410334,-1.09916491608783,-0.472599292704859,-0.981484612271585
"m62",-0.583565389444528,-0.179427511933222,-0.913376910461682,-0.0177745779919009
"m63",1.16444885392467,1.32302381532569,-0.408378028807042,-0.741946913683143
"m64",-1.57741662296193,-0.690720324778647,-0.413830574343457,1.07233816843203
"m65",-1.49027467643304,0.302029427437726,-0.156968942890142,0.635175848129184
"m66",-0.672896978031097,0.524266443452752,0.465212311775271,-1.26139116791953
"m67",-0.92166363305231,-0.665997121018038,-0.238024762819405,0.236475948304661
"m68",-0.0243912269605687,-0.0906562656038381,0.138625909029424,0.750886650076014
"m69",0.585261508490042,-0.463645537317572,-0.346151542008618,0.948364516425867
"m70",-0.846778836775116,-0.103785702659666,0.0420207308127203,-0.418501344994436
"m71",0.331387212637355,0.437087903016788,-0.561522639307627,0.798975894587799
"m72",-0.927502353596713,0.496316660692718,0.659369857403987,-0.139798238562004
"m73",0.282936698341616,-0.969457132210761,-0.250457115756223,-0.0800767493124778
"m74",1.76543163547243,2.20074667432495,-0.235321164581295,0.190303982453656
"m75",0.456695588682263,-0.873852055395297,-0.00638263184856208,1.01911070952085
"m76",0.243103364078826,-1.04487607357933,-0.638044551683993,-1.22024887743588
"m77",0.422159077961879,0.614794201550317,0.107489235791971,-0.925619416285427
"m78",0.0977772483074787,0.96204023273783,0.202541705877086,-0.411697785214364
"m79",-0.927570626813675,-0.59114308872517,-0.557896929387838,0.24826123429316
"m80",-1.00723188125968,-0.480384640761066,0.117243869790444,0.346253803799229
"m81",-1.02729495951577,1.16403389894726,-1.3165621310709,-0.102375008702537
"m82",-0.190108327988752,0.345359852435835,0.62583900893151,-0.651169012244424
"m83",-0.162331652084856,-0.593113240443474,-0.983820435228214,-0.000840896267791733
"m84",0.131384380152562,-1.15524164213518,-0.70117266773812,0.42764377630704
"m85",-0.494223740305058,1.50111460744804,0.184551615393533,-2.25155119362676
"m86",-0.210292658127717,-0.632662429062722,0.0843329674162443,0.130531042702828
"m87",0.839423706118882,-0.981605130738762,-1.25597176262721,1.33548031599331
"m88",-0.515346386630059,-1.29530502550626,0.390714056453914,-0.179760883005592
"m89",0.149062410082154,-0.259193101663684,0.815159599038764,0.489247241023006
"m90",-0.0547940144164841,0.978234336051429,0.265492047831057,-0.885339264220738
"m91",-0.96382743736944,0.0456741197643057,0.355532596495796,-0.483281960972033
"m92",0.71489957301974,-0.443187854958519,0.930107022688333,1.78832867698549
"m93",-1.38041174258676,0.508328764312396,1.30411113527358,1.24206674587017
"m94",-0.576757282348499,-0.579186012330641,1.73137190575519,0.414017011180439
"m95",-0.321393576313344,0.873227390027643,0.189875292719567,2.61050033675171
"m96",0.0704071075981216,-0.0978476138697668,-0.846270134816114,-1.65685545905158
"m97",-1.23810277375329,-1.33114991975433,-0.0576311662119342,-1.81069702117169
"m98",0.579089252852308,-0.93140452947504,0.708719850711931,-1.27546638853748
"m99",-1.58226160259457,-0.374273025375257,-1.22119456861036,-0.632406419169368
"m100",0.434052793173277,0.697197807792066,0.935775254630524,-0.895385659093563
"m101",-1.51963204333454,-0.912157559633856,0.434918392467761,0.238906176549913
"m102",-0.318973575484422,0.53622986404108,0.14713856366103,0.978465607273439
"m103",-0.617397428394765,-0.24322171633145,-0.560403227465272,0.270547865268787
"m104",-0.00927334511386768,-0.750207921159267,-0.393722118443798,-0.895912295134043
"m105",0.491008941945965,-0.131324170622551,-0.954388975879542,-1.07315519317458
"m106",0.0369599205697748,-0.740303648002803,-0.28314415798726,-0.780297653094473
"m107",0.115162230243613,0.2204867493982,-0.716053290914428,0.594198392043903
"m108",-1.14157847801129,-0.662784437674427,0.443997078981816,0.797586139391794
"m109",-0.0939873843859333,-0.150971460893458,1.217696947274,-0.606567597381816
"m110",-0.116234485452983,-1.06415566966265,0.418347427994059,-0.816023617712161
"m111",0.350063827722181,-1.07762828159484,0.583192755521816,0.303654361239543
"m112",-0.0773892657755327,-0.0106353963830522,0.264427125010305,0.0631840123286122
"m113",-0.423383715855095,-0.295711471642857,-0.0198115993865361,0.549968308129631
"m114",1.46032901528928,-1.58473417901935,-0.660532679831958,0.58574346850511
"m115",-0.585707306243157,-1.22342645118334,1.33926934923028,0.111438769047793
"m116",0.0889891685155942,-0.531941271776236,-0.127622740912563,0.895613065685891
"m117",0.894759168320356,1.03868585777982,-0.0584217823434081,1.5085301337751
"m118",0.41088843018189,0.170879650242177,-1.21506944245796,0.627730917418194
"m119",-0.286475675106257,-0.776485333803794,2.24728468364412,-0.360369038773955
"m120",-1.1815258147953,-1.12121767044451,-0.344205486023663,0.143967366310847
"m121",-1.80264378482522,-0.531511413588189,0.773695191393765,-1.10753944978458
"m122",0.483188915804013,0.089687406068017,-0.792218651311602,0.0998774389546465
"m123",-0.586116371683456,-0.282039248312389,-0.140041369525441,0.221250280951585
"m124",-0.811698237020495,1.26567183417894,-1.45727198247071,-0.124645597877344
"m125",1.81622062528182,-0.042122514537487,-0.107472600478353,-0.458314432963095
"m126",0.0874418251323301,1.38259347462737,-0.448147000796492,-1.00609434046842
"m127",-0.49844154121192,0.09067955920482,0.347469194452568,-0.604738731594313
"m128",0.166482537496629,-0.502676978787718,0.0505502987116367,2.19307808044288
"m129",-0.321518914912335,0.230225270086184,0.259026428311916,-1.22350243412899
"m130",-0.619042538736634,1.20520614932094,-0.748765907585186,-1.25193239225772
"m131",-1.01139740257256,0.12388920603971,-0.651072670502258,0.0884704791168232
"m132",-1.29314446978042,0.0331435047261586,-0.370500361468725,-0.926734832953368
"m133",0.114683083082217,-0.0910577342864455,0.0321558152509016,-0.580302292151919
"m134",-1.43129574781581,-0.847544261490419,0.262034723883367,0.071384979664442
"m135",-0.466179276386609,-0.481183134185727,-0.296278970474809,-1.36025157714395
"m136",-0.162563473069419,-0.480289159210153,0.952185405622128,-2.06653187315596
"m137",0.173542514069015,-0.315759204398647,-0.766139060309279,-0.0841616052001696
"m138",-0.473109065383275,0.350513720602115,-0.514161235285618,-0.462176993853961
"m139",0.373747632087801,-0.369018381440565,-0.477412925309413,0.124043418751415
"m140",0.353764902767256,0.377928062046751,0.222645968131038,0.437002156162687
"m141",-0.5791401168967,-0.217892175482803,-0.720765867207408,-1.39077816020268
"m142",0.29278820822179,-0.809886210298819,1.19208386147745,0.122854338513856
"m143",-1.37299918120597,0.608432145131704,-0.298196869004507,0.0461151815870372
"m144",-0.342742072917041,-0.128614937122963,1.0997237287107,-0.103521899318263
"m145",-0.91245164338697,0.563089431414932,0.648174780440396,-0.264741115228774
"m146",-0.527300626657207,-1.12203485376562,-0.58476697802611,0.540181195867033
"m147",-1.14083930087486,0.153943710051729,-0.17097014391679,-2.27602978172337
"m148",-0.906811988261465,-0.546504670743494,-0.998095027422557,0.96812747159985
"m149",-0.375870753444746,-0.0318130638350763,-0.349216315057566,0.0471976720432283
"m150",-0.90292984294446,-0.0477422600911516,0.681533177507271,0.700600238092515
"m151",-0.203749485352146,0.0418446811881922,-1.07481494453243,-0.219005395338764
"m152",-1.20066303408187,0.225445129660831,1.22726722011019,-0.237111750163938
"m153",0.23926365832356,0.0646355247134958,-0.394018318531422,0.399873433627379
"m154",-1.54199028962508,0.566677978979708,0.242393065071524,0.456682498070105
"m155",-1.3743197209851,0.76478956241477,0.410914395582883,1.46014061184931
"m156",1.05576186702045,0.644355425663993,0.0772762707241387,0.391355362134163
"m157",0.217119136012323,-1.77827538415734,-0.0436310434342136,-0.19667827507954
"m158",-1.17007144419589,-0.175439593951387,0.719653275757915,0.859439987233031
"m159",-0.177411586961753,0.535208633855133,-0.779368339522784,1.39062894973077
"m160",-0.372095421848272,0.874152722693173,0.00739603730213912,-0.916136501101794
"m161",-0.0330702814150153,0.144246431390842,0.0293228377432191,-0.331240545286739
"m162",-0.661046987697702,1.06660815582772,-0.101782009931733,0.685573756200983
"m163",0.151312017244636,0.520057345302025,0.039035041665234,-0.465896335220109
"m164",-0.149053208255158,1.40720898763555,0.716260728627951,-0.953989449069985
"m165",-1.34650332965645,0.52213544335233,-1.22167524056434,-0.977703176740859
"m166",-0.0867629781710432,-0.313304901644176,-0.72624711244894,0.0716093788618297
"m167",0.562368748849186,0.482174802078156,0.549054009306951,-1.29618179186877
"m168",-0.175228413681311,-0.561495310872159,-0.220811965763771,0.441936014418067
"m169",-0.816017532628397,0.564069155061621,-1.10463795754038,0.208004793572878
"m170",0.858767188204449,0.742122416636059,-0.227006294674944,0.948466583370991
"m171",0.441702890763991,-1.45467207404907,0.701784750388687,0.702587990271487
"m172",-1.30198089988763,-0.493674393825709,-0.104906292559263,0.307479077990831
"m173",0.414749314773344,0.0897209667561394,-0.469266634166076,-0.86193469477269
"m174",0.577154720323842,-0.596023454198432,0.50574172143664,0.527657912524009
"m175",-0.59976547649314,-0.516501419998302,0.260506223746529,0.00783585061206003
"m176",-0.259052191910165,-0.456969190823367,-0.439011917490767,0.372384136812034
"m177",0.622876759748597,-0.958300628930265,1.03463774628415,-1.61155978382884
"m178",-0.459485184393852,-0.18842795631398,0.374650395986765,-0.0807014987291571
"m179",-0.900325662842306,-0.828005264430854,-0.123420085669136,0.435995163490622
"m180",0.446148423509335,0.730152321973278,0.375284857266206,-0.360967260349002
"m181",-1.11074880373858,0.0322196611020916,0.0746455052059389,-3.44084762927876
"m182",-1.2651153632038,-0.771095183046738,0.205757122048452,0.94826840124232
"m183",-0.0445387332362729,-0.375283806914957,-0.965739260372437,0.582668611167788
"m184",-0.855718331238836,-0.228663950508279,-0.197759050338062,0.616876771795593
"m185",0.249003776751439,1.01916784148054,-1.50961155227017,-0.20225244412932
"m186",-0.423297573551065,-0.640355009730833,0.0685648840920721,-2.1799655336226
"m187",0.608383483867056,-1.3305936062382,-0.279461639364812,0.131217375254027
"m188",-0.311755536238955,0.34207068790926,-0.0670995408441084,0.68972443543779
"m189",0.237178722062964,-0.204128656447741,-1.01268053758847,1.36581005410188
"m190",-0.62676505986985,0.155461629571958,-0.632506544757922,-0.0629867881366222
"m191",-0.742198418147441,-0.831615550947897,-0.294853454030003,-0.488952739320026
"m192",-0.77046221423525,-1.07335914836699,0.649624528281732,0.529872506985821
"m193",-0.546143312366922,-1.43985442560496,0.445412478605075,1.14431790219964
"m194",-0.404635300104252,0.0948550274545215,0.00156300632703246,-0.162896070135966
"m195",0.125340777172485,0.407603344790834,0.763970769280301,-0.252315886709057
"m196",0.347540160492414,1.00555493473435,0.0841397021145284,-0.100795273724008
"m197",-0.57842081009333,-0.992969877706945,0.6679198764593,-0.379772251115818
"m198",-0.074444165253516,-1.40188008494256,-0.435330329539192,-0.492553885731836
"m199",0.0219779325783821,0.0655679978202027,0.0860546818994297,-0.393435522879867
"m200",0.474744299656816,-0.939012723174839,-0.732934383520679,-0.368635381422263
"m201",0.755790203255999,0.206918340488081,0.439015056806534,-0.207182697297001
"m202",0.28952374964217,-1.00837089066241,0.438357212382034,0.249354231891004
"m203",-0.773794328313215,-0.205289467187185,-1.00538450705875,0.507326195004313
"m204",-1.22294034274202,-1.00957329989157,1.67212725801897,1.41069636166709
"m205",0.141608673220714,0.00175444610733483,-0.200514012065575,1.61731505471849
"m206",-0.39930440930869,1.42032391328667,-1.3853975007616,0.521204904715834
"m207",0.263904365467318,0.14519633563011,1.00102480526738,0.229808475761703
"m208",-0.243466276809943,0.464391201756318,-0.450519858463506,-0.369714564278647
"m209",0.1470154156172,-0.809434829594804,1.01245920391162,1.30189908308617
"m210",-1.20486249107962,-0.784641353760562,-0.805826683769264,-0.360231583905597
"m211",-0.976319399333986,-0.472345187946736,0.932658791156629,0.525954569570634
"m212",-0.269654317395681,-0.477723293603986,0.621970249861242,-1.43040805861706
"m213",-1.12410746399452,-0.5908937288401,-0.0133819235003782,-0.866356580748902
"m214",1.18995939759045,0.728206063019158,0.570792934984049,0.224027301481089
"m215",-0.47471327939503,-0.297013738663145,0.148851701711389,1.28924420566954
"m216",-0.593763467516503,0.758884317936684,-0.198255519390689,-0.0426802527421655
"m217",-0.303174142979068,-1.44883168429012,-0.263569516500501,-0.676068930607347
"m218",0.16386427880255,-0.501728719815516,-0.701450427676234,0.319651692783854
"m219",-0.706070060369263,0.72341168737073,0.0700776132174756,-0.510564979320627
"m220",0.551307502340142,0.548779087486216,-1.08675895573112,-0.983853752878828
"m221",0.218576084490652,0.278808000608651,0.49716543146592,0.73812701038332
"m222",-1.121636830391,0.798423999102126,0.247847800326933,-1.25908585917206
"m223",0.566513914413493,-1.82586655768292,-0.266932103673112,-1.37262754789324
"m224",0.572643294366732,-0.700105226046719,-2.00727577761127,0.547934048563327
"m225",-0.302383332528884,-0.676924796040209,-0.998969375139059,1.3916319285365
"m226",-1.02056683922517,0.310554276403591,0.169996024886654,0.18864188475352
"m227",-0.342450179637881,1.17814520019688,0.1409517579294,-0.464278480282179
"m228",0.189361448306362,0.54726846147987,-0.2985889929383,2.09347462485815
"m229",-1.19013990622383,-0.340795306038261,-0.385871807010682,1.79105263935121
"m230",-0.200775313142232,0.29649988791426,-0.419153151674302,-0.84056944382023
"m231",0.912204506107755,-0.571731547257602,-0.890259937468072,0.321051999300267
"m232",-0.742876373592638,-0.84402803296043,-0.0546296613315224,0.695733492801687
"m233",0.884892883432877,-0.0733192815759637,-0.413030320523109,0.300598508841006
"m234",0.126181690265478,-1.42631768128859,-1.0720625171487,-0.0965324872551904
"m235",-0.277725326010513,0.770334424204203,-0.150289942907943,-0.318933802044647
"m236",-0.587172927451534,-1.50670615847146,-0.560982806226595,-1.51320352340697
"m237",-1.3591342758173,0.611048021859377,1.54844340222543,-0.688109944196582
"m238",-0.575339073658423,0.609427417698785,-0.405532220330855,0.188414053717082
"m239",0.52947013958038,0.39403187916729,-1.21680975652001,1.05021451196359
"m240",-1.12138734817583,0.934977869287833,1.46812872703443,-0.835755095420537
"m241",-0.421591730399634,-0.551939702834402,0.0591853758518558,0.612654749077463
"m242",-0.282153203074571,-0.342391855332363,-0.268687782781176,-0.273275506800112
"m243",-0.762739197363759,1.16908557803909,-1.65815963301064,0.465216122485548
"m244",-0.753053289098631,-0.631178306503595,-0.213657622884898,1.19233791967371
"m245",0.521568207615107,-1.00733928577605,0.618734221781871,0.988126958729882
"m246",-0.713350647054211,-1.40604951380908,-0.535930085961915,1.27711486639839
"m247",0.139057775532638,-0.215718896288572,0.226390478026708,-0.569764398131053
"m248",-0.100223023532375,-0.593913203387143,0.42516488356492,0.598143078834567
"m249",-1.63771433718553,0.117378265468149,-0.140554028025176,-1.54818213962894
"m250",0.72138336607539,-0.334014377483236,-0.0731494801424047,-0.211897914754165
"m251",0.245014699625167,1.00631376611254,-0.319029530289158,0.889297393125815
"m252",-0.0612828047786576,-0.0189927934431292,-0.866353861119227,0.584161626180431
"m253",-0.607747774233088,-0.761772846612049,-0.361545882350767,0.212253836512942
"m254",-0.979284972153003,-0.949273169748478,0.0398221324806924,-1.0203001261282
"m255",0.951024369680076,0.0341873216552812,1.14062589058005,-0.678753788696357
"m256",-0.23117041357566,0.16505123945118,0.454172918930536,-1.83432736798203
"m257",-0.170502276380918,-0.296102426798046,0.147603085616519,1.03417399090341
"m258",-0.662119275326012,-1.42544061924769,0.415052535012934,-0.645012116560809
"m259",-0.281979901186005,0.159969521480512,-0.0568722116073811,-0.0808950865451087
"m260",0.188391896675806,-0.416122090317859,-0.895982981047492,-0.82127150793448
"m261",0.538002220052408,0.584670985069327,0.0812377305732591,-0.509715659551027
"m262",-1.18025565563846,-0.765772367083013,-0.0917137532167535,-0.0796124973557197
"m263",-0.479248432853225,-0.0616908425443225,-0.166223933076697,-0.179365219295234
"m264",-1.50632523134889,-0.10299431314385,0.614668761515173,-0.236696572617769
"m265",0.93632370216744,-0.233361121704535,0.436592782030787,-0.323455834595261
"m266",-1.53991500882657,0.304432875428605,0.842574952287124,1.28410367305077
"m267",-0.512403377303458,0.326291633693447,-0.264916276886479,1.03305173026234
"m268",0.14470291313392,-0.234481381427528,-0.0776246207417561,-1.0635033485097
"m269",-1.41082547291639,-1.27195051761544,-0.159412904320986,0.703187431375626
"m270",-0.326722617917413,0.6079820338593,0.201505293495346,-1.1926919666912
"m271",0.173947839602239,-1.07527275680928,0.531384129216617,1.61579204263936
"m272",-0.588249987786821,-0.159589282118799,0.0481557333138138,0.253760676452104
"m273",0.0706420933810183,-1.52851291963849,0.14657092828496,-1.66519143903242
"m274",-0.889237729694777,-0.826312233101834,-0.564318655980826,-0.841806893858127
"m275",0.425677969491469,0.0677796985737793,0.246598624829584,-0.107062168915775
"m276",0.00944334713807399,0.393341496933759,-0.0720344546137159,0.428412788099291
"m277",0.452617168690816,0.0359642438036659,0.506451692922509,0.980643743134444
"m278",0.0707639955003943,-1.60733366291819,0.134098780450026,-0.972820900882597
"m279",-1.39942907484828,0.579833528902442,-0.138831305654427,2.2840908723812
"m280",-1.22051722197561,-1.06311248858681,1.01393388308078,0.656139460722672
"m281",-0.474849728947165,-0.786081630967708,0.986894558993379,-0.584997312422299
"m282",-0.348223467162627,0.0186803044116391,-0.0646849170102787,-0.305959775621033
"m283",-1.28599499850888,-0.368475277958421,0.0159637074184772,0.516132487751512
"m284",-0.789111345683725,-0.764083416162061,-0.202483291276985,1.25372194188741
"m285",0.263265024331348,-0.678101611262735,-0.136494928346305,0.271072300653725
"m286",0.214800445115963,-0.0838836038525857,-0.684353016760653,-1.67518658682413
"m287",-1.6512387388584,-1.20255798648305,0.816566987697852,1.42975371443855
"m288",0.350262676054408,-0.471616699769207,0.415095400663097,-0.572545996874081
"m289",-0.186346681544117,-1.27750819579966,-0.989082197023392,-0.0442590731094959
"m290",-0.177427039741306,-0.0571343379138874,-2.05026264457063,0.881696504500003
"m291",1.45879923722046,0.619774552724717,-0.770902813468273,1.71303488883983
"m292",-0.262904776812557,-1.62227806626915,-0.337592758685486,-0.443880741065357
"m293",0.0559383226974151,-0.0126201088224136,0.0338011305770424,-1.55567584700002
"m294",-0.529817260032063,0.35552705949648,-0.193916218981115,-0.833326228392051
"m295",-0.674854416638933,-1.2179621953147,-0.341291652657964,-0.358520361255262
"m296",-1.37949301571994,-0.350667187114828,-1.55972949455051,0.862885842765546
"m297",-0.623790858443058,0.561188283539982,0.230480323472473,1.20281078048403
"m298",-1.31488116422826,-0.416115106057761,-0.120192193091745,2.27322683758996
"m299",-0.109741487042618,0.263081750964159,0.0783163835036953,0.215905396726665
"m300",-0.840756272569394,0.53737755420742,0.158318438743814,-0.193146861959283
"m301",-0.800676995988947,-0.231610591235136,1.03573910363504,0.834109988366767
"m302",-0.152957752607944,0.002573204625333,-0.740369093467451,1.30045195346652
"m303",-1.24580935969478,-1.54247288979828,1.05564223160655,-0.767980878427177
"m304",-1.23249185394502,-0.0286251408958203,-0.960912096579479,1.78572597327397
"m305",0.179552401055582,0.128758088243526,-0.0135763610685474,-0.634099856343387
"m306",0.169336188389152,-0.620941285482168,-0.528826010795511,2.24145358462086
"m307",-1.01152985061462,-1.34060551195481,-0.0328408923060953,-0.247788755582948
"m308",-0.237839881688759,-0.214825941983307,0.795893451702303,0.656820449847603
"m309",-2.00825857931981,0.0919875603195971,-0.112775108165673,-1.10292061010133
"m310",-0.906551660721825,-1.76119199675273,-0.175233818513943,-0.0908163723894759
"m311",-0.681039347136863,-0.0940259491643424,0.472658644367111,-1.49218565051827
"m312",0.214028108170731,-0.327467298507254,-0.363074151086984,-0.202098265783139
"m313",-1.48761701306414,0.0483899120215141,-0.175804164789306,-0.955109318619739
"m314",0.430978441971087,-1.01028167189654,0.0144160849453007,-2.48062708956545
"m315",0.456053955560965,-0.170899693991286,-0.0564542718681758,-0.185150646490061
"m316",-1.74585701787018,-0.726654000921654,0.715919589880725,1.94300079914411
"m317",0.11658184210491,-1.36943047620236,-0.418176887389297,-1.51836077861211
"m318",-0.315674319190617,-0.301749353878266,0.969064734233613,0.144953602984505
"m319",1.00243399013128,-1.37517741926908,-0.244823247593639,0.6078481017503
"m320",0.570325795995643,0.259134595428835,-0.347746315979851,0.24714427177099
"m321",0.767214954486902,2.0179543331652,0.197302183771029,-0.274743117804081
"m322",-0.232024815199591,-0.867570102943208,-0.112784461195686,-0.790624218178403
"m323",-0.153014111730272,0.485264454166899,-1.4232157213331,0.301576886526639
"m324",-0.433156555622679,-0.826067983098242,-1.40627501387907,0.738992957930675
"m325",-1.56884861217452,-1.50518177828444,0.66193537937554,-1.39582783772715
"m326",-0.55379589964223,-1.09277553476078,-0.543537750677634,1.32148619137662
"m327",-0.658816276390609,-1.17728111914655,-0.177416598798695,0.698675224986938
"m328",-0.112518019999261,0.546645721514248,1.50009194712553,-1.95042815645817
"m329",0.522081339617893,-1.5030279412813,0.20876957475766,-0.542779035986209
"m330",0.0538295754558661,-0.351644117789471,0.32570670485714,-0.626605351203079
"m331",-0.113096683629169,-0.0313933111652373,-0.164870173567347,0.540224150755128
"m332",0.0755473396611832,1.17441767927089,1.10692270627471,-0.954373409821106
"m333",-0.624949980707997,-1.74455084406712,0.713047081471659,0.317986087490238
"m334",-0.859922291732488,0.189999345234299,-1.24898198978466,0.233992099065916
"m335",-0.89734696462081,0.552539700007525,-0.198395580197249,-0.136627432368092
"m336",-0.847924010394177,0.363617036706611,-1.37511430783423,0.225986026875751
"m337",-0.39896067535695,-0.74098486139882,-0.278844173181003,0.282587623085306
"m338",-0.771910221532182,-0.165389672533734,0.202218870991789,0.0790825115384103
"m339",-0.514332330580249,-0.740547187304396,0.615445803489931,-1.13593122927281
"m340",-1.63131050901204,-0.483661172263605,-0.508686486584444,-0.196883548587452
"m341",-0.63745039080259,0.146760909822192,-0.34698363485298,1.78475005028359
"m342",-0.682808532574138,0.873771347732485,0.920621537741099,-0.833430620391322
"m343",-1.70405602231757,-0.965764731794033,-0.0650511869214492,0.437829758622657
"m344",0.577027606878758,-0.798418523044282,0.197976551553189,0.757121482063284
"m345",-0.110028506119433,0.419189176527622,-0.223003432159861,1.10116301407158
"m346",-0.576794857548972,-1.81222125549105,0.757160096517783,0.960007099898902
"m347",-0.458571007845424,0.459515874992722,-0.724073975943666,2.85612675424163
"m348",-0.217360463656704,0.519485253622653,0.440351687729477,0.481193185573147
"m349",-0.667056941918607,-0.982090092247613,-0.249908757102004,0.656190680233558
"m350",-0.417772819781435,-0.354210882276579,-0.12999822886952,-0.83476658664098
"m351",0.693016918563982,-1.05996101427352,0.723935060567073,0.417061634332035
"m352",-0.729192457989142,0.974204607793048,0.424199135144078,-0.988996225255309
"m353",0.0751570223974924,0.324743410587528,-0.378858923489842,-0.72129751366937
"m354",-0.907167401777202,0.393323229026518,-1.07243799760254,1.10355260765377
"m355",-1.44699660433473,-1.38002667308757,0.133542528541951,-0.729674882795441
"m356",0.0471070777310447,0.358858021787486,1.315321189093,-1.39127018957404
"m357",-0.13614176598544,-0.188171148914441,-0.144698676404012,0.278181029867525
"m358",-0.131453094928412,1.06963553739383,0.274940367534004,0.602429867937109
"m359",-0.333108229202356,-0.0968934368425725,0.453592999643903,-2.39601166196276
"m360",-0.663256010870772,-0.26875093557429,-0.315525312674149,-0.765258556454173
"m361",-0.393294278967331,1.1769952072967,-0.373612577767329,-1.16990020641584
"m362",-1.63555425068262,0.156366131722997,-0.334472132880074,1.72000373271426
"m363",1.15948998874718,-1.22260187624391,0.0399924483018078,0.0589071644926068
"m364",-0.353781651228231,0.579456377232956,1.64638403108253,1.45655582108885
"m365",-1.01237609671246,-0.868121128111305,0.0203084296743222,2.29118171039767
"m366",0.618673350275431,-0.892872437556547,1.73223484152683,0.506097365621114
"m367",-0.069923351512001,-0.165383218522509,-0.389153630808821,0.963197782241085
"m368",-0.973737271295544,-0.206866645206284,-0.558526405099493,-1.06218567530174
"m369",-1.59662673219961,-1.44552531835801,-0.401681601661457,-0.467651139558809
"m370",0.0381997740776183,0.55243426949405,0.381450086115909,0.610471575161714
"m371",0.052857106266531,-1.36711838833175,-1.09519755447087,-0.699795146106136
"m372",-0.32856013984216,-0.349155705035175,-0.379355171570416,0.474324961648961
"m373",-0.105562648565772,-0.155036305298428,0.281506031338518,0.859592745238375
"m374",-0.907092359574316,-0.352115341620976,-1.78134328111817,-1.4807651429056
"m375",-0.36902175796525,-0.599484543077408,-1.12503464585704,-1.1583874974308
"m376",0.367501016344689,1.06766651274464,0.200221918810561,-1.08643137696002
"m377",0.178794927836596,0.323749339218526,0.0647330832668933,0.731742564240158
"m378",-0.0603054672794873,-0.616981239076454,0.480520656246054,1.60921003970198
"m379",-1.0363122589061,0.770833291517856,-0.379822893021014,0.540885802222969
"m380",0.421968947775003,-0.926204968642924,0.702342252206441,1.10679564413317
"m381",-0.27134668444233,-1.16900370696771,-0.329172698451671,-0.142152917675234
"m382",-0.546381594632495,-0.432832995449295,-0.106216262029744,0.295298669811739
"m383",-1.6316069280127,-1.88725432198503,0.424659241703729,-0.909221859505057
"m384",-0.377312988620122,-0.730965020605865,-1.01508215111157,0.654774340417426
"m385",-0.610493456410506,0.802419850573497,-0.97319793922153,1.62302841776788
"m386",0.0338487645444424,0.0438391097162164,-0.0296313250637531,0.0911825906081743
"m387",-0.542293121254041,-0.581155906520169,0.267575875341944,-0.213689199436949
"m388",-1.16780052530243,-0.349375414204122,0.686401446485097,-0.426074004268664
"m389",0.34476871190659,-0.354029493798653,-0.0678236156674248,0.494058340965318
"m390",0.69770443313032,1.3638336002533,0.721741395725189,-0.40514513227735
"m391",0.182373163326905,1.32406632596938,1.43583309290965,0.370553092213266
"m392",-1.03775265244997,-0.579567935969815,-0.392524967711451,0.02612087020688
"m393",-1.92904342512533,-0.484985006496536,0.358203985967508,-0.823315432267446
"m394",0.371538953961094,-0.529482675108965,0.784972122449649,1.53378797065332
"m395",-1.25014622446178,-0.24819011006009,0.762093427670116,-0.0315652287388271
"m396",-1.29898490241994,0.670131455526074,-0.00751242183368442,-0.129126282106441
"m397",-1.24662167634315,0.305528162801152,0.0696407040242516,-1.40513777547143
"m398",-1.45740951379563,-0.545378234104866,1.57776265941716,-0.548751329008455
"m399",1.54033558139121,0.0521365958602715,1.42507800670781,-0.505229302788557
"m400",-0.104486324795298,1.83472938424748,0.00578775541010176,1.29956531050908
"m401",0.294375289543776,-0.0525156099943562,0.372208823989153,-1.03920641532804
"m402",1.05226531005763,-1.30698815070671,0.015281518003524,0.321291799881794
"m403",-1.14778193761456,-1.20211789897871,-0.285679917507693,-0.0143363414700423
"m404",-0.301206698327711,0.734548388367486,-0.345437788586649,1.60075735401231
"m405",-0.73728545179911,0.508051941904547,0.852220444842697,-0.209320593642974
"m406",-0.124500019883251,1.26471614310928,-0.262332275328909,-2.23810269517079
"m407",0.24996834453373,-0.252504938348267,-0.11607648961894,0.270518441788608
"m408",0.98043329108331,-0.536568470000243,0.686691310109979,0.478551422911139
"m409",-0.521081370424538,0.334442632057587,-0.600915365695163,0.8912440891503
"m410",-0.703586125941936,-0.325596240987583,0.0659545822832756,2.55120409985542
"m411",0.309138161059065,2.17002579674615,0.508993297167447,-1.12817931926289
"m412",0.0562585147592234,-0.354950233213214,0.279463695545938,-0.687026343260661
"m413",0.348083402264093,-0.323492952787279,0.520468259576318,-1.59861030910525
"m414",-0.156133913054222,0.194856336843401,-0.668497727053788,0.723004240598395
"m415",-0.973791367625258,1.19713859526335,1.25171478849928,1.06656973565171
"m416",0.866392798078513,0.433777728280076,0.702977423204779,-0.0162902303077234
"m417",-0.586282826849327,0.949951392846949,-0.00827832323906952,0.287018878685849
"m418",-0.179948025107148,-0.282659805316392,0.745489979255325,-0.742374337366731
"m419",0.061249706223419,0.554360845265152,-0.771841124966369,-0.212013607217601
"m420",0.474089976174318,-0.0606838118950305,0.974175496354,-0.0423131105705606
"m421",-1.7250550972858,-0.302305643142357,0.997424848295359,-0.563644887720566
"m422",-0.209528373543945,-1.29787207272035,-1.02279843651103,-1.47256617156031
"m423",-0.349460464639761,0.41652489233656,1.09013750252055,-0.457636231055982
"m424",0.189815862299535,0.524142707969399,-0.0822434010768299,-0.701027478577505
"m425",-0.813808149070541,-0.485629394811464,-0.16257597315228,-0.00752288890268176
"m426",1.46374599207922,-0.707383209288494,0.226911784584188,1.61146940052144
"m427",0.224253440683558,-0.940569640782331,0.851983349713008,-1.73380108292752
"m428",0.404803405666257,-1.664952331045,-0.778979021141199,0.3566313699069
"m429",1.29543306262586,1.83992400045958,0.0714929788509653,0.997995627959663
"m430",0.607466379183308,-0.0697662280793447,0.584596008928568,-3.24150839282351
"m431",-0.182423793227674,1.0213740222838,0.665712941545758,-0.0372279322652088
"m432",-1.45284433887191,0.120402323994993,-0.421463117652283,0.197779861127897
"m433",-1.50644179918027,-0.0247070666184877,-1.13328086613621,-0.485367463932969
"m434",-0.505631688181533,0.719142016220935,-0.551272294222972,-0.593013479011689
"m435",-1.16266863273195,-0.466234492583587,-0.724808846609108,-1.29767010258406
"m436",0.569295485987468,-0.234404032867073,0.44937152466763,0.379990725821626
"m437",0.126786421695747,0.0215074918709906,0.262672981408235,-1.19473512236653
"m438",-0.0336461726463257,1.14491853685666,0.0229677903451381,-1.57934530351271
"m439",0.137560950588002,0.668853599206754,0.0371331049442335,-1.42544060285837
"m440",0.356078066040872,0.177547918842329,0.912306790362638,0.133160089628166
"m441",-0.816115145117913,-0.826141993873628,-0.539744926080243,0.925627271691044
"m442",0.267134513183978,1.00823448690835,-0.96888509661214,-0.152817613484168
"m443",-0.466263221872701,-0.412713622320001,-0.0369953279599446,-0.352458959944727
"m444",0.303133940180915,-0.804188768720081,0.741291811078803,-0.353120347795331
"m445",-0.55540702815708,-0.788912678069627,1.32606188577325,0.240157146120047
"m446",-1.22208775265289,0.106102114670029,2.01911199136078,1.9869652868667
"m447",-1.20110143881796,-1.55299332421567,0.289980409412238,0.129289688134098
"m448",-1.03361414213134,-0.351125908342364,0.638406188578175,-0.176289557410335
"m449",0.959691428429165,-0.406274387006844,0.868046602742762,-0.872966676548501
"m450",-0.741643274068425,-0.580882130567651,-0.8508910830459,-0.481379970653329
"m451",0.969121739162671,0.0398223032801113,0.445979824803654,0.769368117030168
"m452",0.140777047059058,0.80400363691671,-0.425703063284939,0.673784630625994
"m453",0.189474668317464,-2.50365273674349,-0.0536118451648829,-0.902614393931183
"m454",-0.232620324487504,-1.25010063764047,-0.721877740545474,-0.328877439852327
"m455",-1.02873430854048,-0.12114656880483,0.870200130260836,-1.77351282019521
"m456",0.242234824893118,0.212731528847465,-0.370385070915565,-0.370056736460496
"m457",-0.894172970115225,1.1496080148872,-1.14836074219784,0.119096426363539
"m458",0.229551439899493,-0.0507115744328167,0.0462470261408767,1.55509526049968
"m459",-1.0081006411809,-0.280998884138333,-1.09187017397933,0.548635222985798
"m460",-0.395237842140633,0.119182420179624,-0.554672936886762,0.956683114474638
"m461",-0.953997469138816,-0.42833189673912,0.918185256478893,-0.0982288928851024
"m462",-0.858586952875345,1.35538021279022,-1.13280765465686,-0.214614670821707
"m463",0.54034186600606,0.375090892717046,0.833955779551786,0.884475294880868
"m464",-0.986380510895569,-0.0377129123111143,0.849086186054752,1.50008578179401
"m465",-0.576343472940601,-0.559854187046467,0.0744383214445819,0.647427394968893
"m466",-0.433121421353784,-0.665255523472868,0.50421887186549,1.57518955223441
"m467",-0.488227097867232,0.00785893773410712,0.482168097897129,2.55283205099548
"m468",-1.89938173415526,-0.7934420834328,-1.27583590232338,0.0016961251478926
"m469",-0.286756167912674,0.3554969807892,0.538814121214616,0.821590828217965
"m470",-1.00203371191121,0.613536856143827,-0.531608634795255,1.87504934091867
"m471",-1.03220692503307,-1.19242684961779,-0.785977753300848,-0.127584599545761
"m472",-0.0981991613607646,0.333589485562184,0.0672199710371157,-0.399702367681568
"m473",-0.738906741240865,0.394976367479249,-0.618495206380315,0.438699998065021
"m474",-1.0561240607431,-0.43745283077856,-0.87409779963737,0.599335321668019
"m475",-1.05868594973729,0.327072882073543,-0.18673922735359,-1.28718778880965
"m476",-0.146028169278116,-1.33439104355149,0.452280155907023,-0.612789183117824
"m477",0.415460975867053,-1.05845421468871,0.156874910982165,-1.07715260707492
"m478",0.54824202410648,-0.282512384525342,0.393013392744716,-1.5631155960026
"m479",-0.1554102953393,-0.880664849861889,0.194086819801479,0.577303225454421
"m480",-0.29814346366998,0.394925898761346,-0.216925224794903,0.818409474828509
"m481",-1.85655330830553,-0.61092337124572,0.963593060945903,0.559021936788738
"m482",0.496646187970263,0.499893682383847,-0.0300746442262257,1.29577202747586
"m483",-0.979155663228309,-1.06507807978769,-0.893135774245874,0.368019998405919
"m484",0.633315852603809,-0.888113718176215,-0.619876491817286,0.0560516134221884
"m485",0.464385022461026,0.337769235849453,0.554828171664346,1.31730039794874
"m486",-0.252890795725145,-0.581966399254308,0.448235669251257,1.75078152110134
"m487",-0.533447245700472,0.399936279604785,-0.348437956747036,-0.463927425257163
"m488",-1.52854038270998,0.86539324060754,-0.0726926133623293,0.119405244631949
"m489",-0.383334659855463,0.266170213728034,-0.105297360665659,0.00543667505063468
"m490",-0.563366826597374,0.291332274910874,-0.14167506527682,1.23196425156175
"m491",-0.507042275154593,-0.929289326360648,-0.0930138023159837,1.08274711908107
"m492",-1.45563910711629,-0.00299787810903102,0.0842827021254145,-0.875949006935369
"m493",-0.917791779611315,-0.818014494499379,-1.70647503075933,-0.163389377687957
"m494",-0.222089340913478,-1.43229124625629,0.656094848863734,2.19568732326109
"m495",-0.89118125976111,-0.40589520236424,-2.04216414190062,1.31457109302437
"m496",-0.206371148790873,0.195620529856847,-0.804089856802868,-0.189989494390738
"m497",0.191637099177895,-0.0179956564063202,0.353075556808654,-1.62127906999506
"m498",0.767756879741629,-0.506944706622859,-1.52919203073136,1.30261745266651
"m499",-1.22373953440516,0.831156405455776,-0.237202154108314,1.62913893373094
"m500",0.365823962904033,-0.357678224549153,-0.5554084699139,-1.62717465781081
"m501",0.0800295707923142,-0.122780680161234,-0.611322602823317,0.0628490031734916
"m502",0.752142230391704,-0.424259815670429,0.319944097679832,-0.0118480743269239
"m503",-1.01073855108326,0.470899242701096,0.961434507350991,1.27520995667662
"m504",-0.205781939900363,0.271246149530458,0.545369268924807,-0.334350990297461
"m505",-0.312498615789772,-1.388609471806,0.140604951826535,-0.717121154854385
"m506",-0.883175538120181,-0.0185199483016896,-1.93488313585086,0.726048221444772
"m507",-1.22781006516323,0.0134061122063941,1.20837814083779,-0.379002117449706
"m508",-0.54759446880842,0.47824400644437,-0.128849925545553,-0.243850201542818
"m509",0.267948588959821,0.844212308657414,-1.37832596156727,-0.295230980196085
"m510",-0.210167443967117,0.0670978763257705,-0.80720414935035,1.14047526376145
"m511",0.171610635303684,-0.079303559408767,0.640408968496593,-0.0884626136109368
"m512",-0.649389496888225,0.29349249895136,-0.966564719727922,1.55267502784957
"m513",0.797626040498883,-0.402058228586639,-1.07659847457065,0.190469763231755
"m514",-0.930371634291261,-0.098080469031601,0.359603072420963,1.42509860386322
"m515",-0.819049641436506,-0.266921993435769,-0.244106136214355,-1.39431994603494
"m516",0.454306447168094,-0.217886671581601,-0.174290000277036,-0.380752653063272
"m517",1.79061313692473,0.483349818808803,-0.869822842286935,-0.2984620347678
"m518",0.0700444628327718,-1.13276339471223,-0.483638009965501,0.952743286229319
"m519",0.00927210173673998,0.0455694740057133,-0.866067783547298,0.0194422535298198
"m520",0.0864395179645265,0.0709918216229661,-0.53437910727346,0.163185245969627
"m521",-1.16889712636429,0.240313770679665,0.308954098501215,1.3087622199253
"m522",-0.326784838809457,1.20171535714318,-0.0469636523896843,-0.545439839307625
"m523",-0.102254622050484,0.226797921367775,1.11569132175402,0.923866859211443
"m524",-0.186298250807418,0.258206201265291,0.105430824648251,-0.550399243768244
"m525",-1.02767487674524,-0.444191285088993,0.621116943728626,0.538659062797037
"m526",0.311875275877983,-0.5779082508356,0.251232753012666,-0.100768726329424
"m527",-0.47833998665001,-0.117229335734849,0.780671774861447,0.0795579334569199
"m528",-2.01305905215056,-1.29529423321794,0.166932678657011,-0.160839506683318
"m529",0.238323067231283,-0.474564228343441,0.0719983459948696,-0.131875622607718
"m530",-0.0838041388852709,-0.329677934328147,0.225112263849113,0.156853136195053
"m531",0.549480507091001,-0.68280044211637,-0.117705305569182,-0.409436311073408
"m532",0.134427641273479,0.216699718586364,1.38127112309621,1.02383288499006
"m533",-0.807347946670788,-0.39541488674559,-0.787671272347699,-0.239656992115433
"m534",1.46951487318797,0.14699577477992,-1.47349721456692,1.45659364072
"m535",-0.181332121066718,-0.568598647315274,0.210323376691912,0.67613349067224
"m536",-0.642422146704775,0.153924040421924,0.206347493929283,0.249189348893945
"m537",-0.516185440991756,0.568476822716782,-0.264255786573416,0.803070193057342
"m538",1.27883257577598,-0.0342138297984293,-0.656401821980439,0.266770204560241
"m539",-0.944475447686297,-0.0368840373081762,-0.375911917126354,-0.0373189204923577
"m540",0.560360607140621,0.118475904994305,-0.217147991650151,1.37470413482471
"m541",-0.903633475439642,-0.472675939432177,-0.0622797463509762,0.159350454461818
"m542",-0.100231047380988,1.4226754826564,-0.611838724381451,1.15983816610671
"m543",-1.32085210967736,0.262296366556884,-0.499797250323389,-0.000696600519835875
"m544",-0.962752485383482,0.0253831473134293,-0.535184727726274,1.50243228888726
"m545",0.27887407437844,-0.394637494589874,-0.11162530779686,0.151174405853667
"m546",-0.62495072792173,-1.62592168692029,0.0887450087723282,-1.71924453335755
"m547",-0.547371873345022,0.0877967402119413,0.165949370422389,0.210739464164082
"m548",0.356285172852901,-0.454568332540992,-0.0600217908276226,-1.10821872217253
"m549",-0.276074754968711,-0.275804582527838,0.537302089599813,-1.44619197139016
"m550",0.357000974976627,0.756420131061303,0.461008070041107,-1.24750573721932
"m551",0.467152021547027,-0.420566003167388,-0.72691439684654,-0.914450008043095
"m552",0.0858456086128929,-0.514208670799851,-0.498589251049469,-2.34573757431693
"m553",-0.6015482630571,-2.00526110767411,-1.18671855216444,1.0347229752415
"m554",-0.33306674723987,-1.60005466624619,-0.809502071127338,0.936575740503583
"m555",0.0487231816814852,0.0235607586869027,0.285702142115463,-0.280212355252772
"m556",0.334556719187795,-0.46541883655285,-0.445086039806969,-0.688460588234206
"m557",-1.27557941901423,1.68202037059676,-1.16439584920717,-0.120408564957665
"m558",-0.601612344295034,-1.37419976245853,0.175505908445266,0.798928343526865
"m559",-1.72085976070623,0.131498045055805,-0.174344074339189,-0.373883786988074
"m560",-0.671709867626363,-0.272093069040577,-0.484456109102443,-0.928020491987383
"m561",-0.0268889563001664,0.157471333595264,0.630693773714671,0.743342510380764
"m562",-0.318722316426659,0.379688141464487,0.441908584095961,-1.26137588224401
"m563",-1.3355444131586,-0.541559063771976,-0.553971635977083,-0.469014516945092
"m564",0.426398758626084,-1.35043863185746,0.327227052233474,-0.0211564347729135
"m565",-0.427606597434838,0.153656186844213,-0.561215641959254,0.0823920789083027
"m566",0.788485788443382,-0.793037452809779,1.17496682671918,1.67516169803502
"m567",-0.850870487699329,-1.07199999929124,-0.355274733467369,-1.1467412227714
"m568",0.647053523768172,0.917872227056374,0.632820094452218,0.393456368472865
"m569",-0.41188150860084,-0.49215556846492,-0.412888174466858,-1.35868846794966
"m570",0.116476420444609,-0.322039450465693,0.281128684267662,0.30424028710818
"m571",-0.0926729607804585,-2.0841698524413,0.517346250598633,-1.47952231680464
"m572",-0.595546205892978,-0.657161739566728,0.831793815761543,0.747190965685922
"m573",0.489702036078772,-1.21889740889487,0.572629278577857,0.222781801116714
"m574",-1.26996505604665,-0.880178191646636,0.216488432874038,0.592395328957593
"m575",-0.8078630577022,-0.821857259980182,0.696364557861919,-1.51772830258953
"m576",0.500247369506066,-0.499968193206528,-1.45222726494064,-1.26923228995747
"m577",-0.338668539107947,-0.709482164416866,1.59355567448152,-0.792833699680966
"m578",-1.21719652188343,0.771540857373414,-0.486144144519205,1.01248727984035
"m579",-0.14153696911021,-1.16238886690774,1.29872104359841,-0.823165793236156
"m580",-0.403009766306888,-0.499896188831886,-0.262176049001393,-0.563383631185001
"m581",-0.0685011638506785,-0.428954033166501,0.759641615440909,0.761857480369617
"m582",-0.384426448842912,-1.08047145142647,-0.863038972435496,-0.155620678694176
"m583",0.0909178513130602,0.618331810266854,-1.15366160870173,-1.0711820095461
"m584",0.993015756421942,-0.42770633127734,0.0868363312061253,-0.395076058527279
"m585",-1.32226133933944,-0.204010737855932,0.694002449745294,-0.0855916782290873
"m586",0.443491162013938,0.742746023105537,0.674160348203706,0.753836699198016
"m587",-0.187436727994804,-0.302895957563375,-0.651435426231705,1.23862176122531
"m588",-0.694340283667398,-1.00418384274439,0.791726902426927,-1.67806541096624
"m589",-0.029006727364678,-0.288739433702594,-0.454702738586972,-0.301492099784326
"m590",1.18025788926781,-1.46469340720747,-0.10256836685364,1.41394120106623
"m591",0.071787450871399,-0.205255352951039,-1.9731227898071,0.266122381829429
"m592",-1.22279418158277,-0.579429698743525,-0.157763504683084,-0.79950650809306
"m593",-0.105253274702781,-0.690805326327638,-0.161642089732579,1.65809513435748
"m594",-0.99412831504876,-0.343684115611553,-0.112117989693564,0.565493329341819
"m595",0.305688575031449,1.26578165253875,-0.132978336853069,0.186095043784084
"m596",-0.391337548750821,0.00375559003103426,-0.270669414207835,0.718200194276241
"m597",-1.20112092068358,0.741671861703337,1.31255280855877,0.457041506956798
"m598",-0.872786585589543,-0.832433927033593,-0.9905542855948,-0.708476986393456
"m599",-0.320566043671767,0.525859663949956,-0.925943542709031,-0.0831609451014691
"m600",-0.463519406125489,-0.442489331542904,0.386334478476321,0.092631103856724
"m601",-0.551460250066809,0.149352707074666,1.34359467895682,-0.314283134204987
"m602",0.450162482873621,-0.7510177670418,-0.012501217866548,-0.4344170998714
"m603",1.09390895284367,-0.0665668937761598,-0.476090617534711,0.694581105821145
"m604",-1.13375507990438,-0.123502776990232,0.519469315246008,-0.432447924092123
"m605",-0.529589113036262,-0.869844931006199,0.645924700167843,-0.0317054573686157
"m606",0.403785967159812,0.355839354946813,0.0973127669747709,0.063322236929349
"m607",-1.29442858335725,-0.100501631869509,-0.0558547529500544,0.869389261276409
"m608",-1.03493788374938,-0.136940656753056,0.068292114280288,-0.572666477591536
"m609",-0.345123020285973,-0.25619194019315,0.521296302801077,-0.045144543195489
"m610",-1.00566021052479,0.0529737659348056,0.837940255931042,0.62973765731805
"m611",-0.854204834193464,-0.386337799992795,-0.404311159433374,-1.02592403966115
"m612",-0.284370132817859,0.0119935597257735,0.340098858029769,-1.17992324510848
"m613",-0.631852274004703,-0.51614164902941,-0.261194967770381,-0.782117447102233
"m614",-1.14760817279844,-0.274782394327422,-1.04227317566862,-0.453129160825506
"m615",-0.917333250540167,-0.535541061009218,0.190419110676653,2.18969683573085
"m616",0.844700430375146,-0.94014483470982,0.223431201535462,-0.374889171077815
"m617",-0.836165343154241,1.13845330815192,1.07890760272245,0.249376037884174
"m618",0.343218857677541,0.398583851232583,-0.612034891178686,1.3434358459
"m619",-1.71746618923992,-0.631966241142822,0.984551932718293,0.603018902738774
"m620",0.381209084363723,-0.446705083816134,-0.931138388041091,-0.424724880121168
"m621",-0.124546889304448,-0.586552120826779,0.0931909184686945,-0.737171481945945
"m622",-0.33363627581011,-0.339726928945635,0.339943592405816,0.653186326076811
"m623",-0.263930644762991,-0.417646370434523,1.32848340925421,-1.21598834884419
"m624",-0.0269889961870068,-0.509415284878669,0.0434009937698707,0.640721341548209
"m625",0.577774241146752,-0.217370775028182,-1.15029975091123,0.114312820767981
"m626",-1.00331027774803,-0.358598562600811,-1.25756786997568,0.962267603581278
"m627",0.0939385909227227,0.391371126668301,0.529433180882457,0.0585241523732817
"m628",-0.250560346363538,-1.03132451123978,-1.17030666803039,0.66830111666859
"m629",0.454025914825698,0.305798469864913,0.318208253024399,0.309951622659672
"m630",-0.122522658536967,-0.0650914594906374,-0.718471229783299,0.796798283070871
"m631",-0.9815367363944,-0.575625088199299,1.37017296343809,-0.329905582024896
"m632",-0.908747003651421,-0.217674729908828,0.125733355582326,-1.75320815002863
"m633",-0.7615266943425,-1.20490518241449,-1.05152397338711,1.76322454313089
"m634",-0.873841460481721,-0.017665123039279,-0.183693225346531,-0.82999790227968
"m635",-0.619219831801867,-0.0599088875724829,0.606687684900926,0.30569065971488
"m636",-0.407018049753555,0.275888681322139,0.253488700963438,-0.600342031289812
"m637",-0.655352233427653,-0.163899125018857,-1.15729890787209,1.30528393781881
"m638",0.493687571288888,-0.446682690327609,0.416668691541968,0.476482562376959
"m639",-0.52976357157414,-1.04211160448909,1.06452512102777,0.210866681007135
"m640",-0.183696345589866,0.63354967305774,-0.32855485645144,1.0302439288803
"m641",-0.529151877760054,-0.0281464413018893,0.536171234414886,0.835279551139053
"m642",1.80317752605759,1.84243077279949,-1.86131386084483,1.68388340595171
"m643",0.0995688510325082,-0.490806671806822,0.489113552085393,-1.22746153463769
"m644",-0.708962798242266,1.48246881524439,-0.630548742768311,0.427477157302598
"m645",-0.275239993110163,1.6126968150347,-0.0817478421015627,-0.417383056383701
"m646",-0.563441695503882,-0.105767459054752,-0.264329942073119,0.653012333666213
"m647",-1.97685824974137,0.125526653328624,0.845724033337567,-1.40048409521608
"m648",-1.07531408501135,-0.182962670473844,1.34878141303462,0.354922221130262
"m649",-0.493655425454709,1.29027027605519,-0.954133327735086,0.828000281957828
"m650",-0.837984733063458,-0.807533544359511,-0.0169425117258389,0.542966730102749
"m651",-0.830057679967684,-0.117372861611854,-1.21775118390955,-0.230377990657617
"m652",-1.42476782965584,0.812535432047989,-0.435940633223834,-0.73618694569593
"m653",-0.513985194411963,-0.909469887367586,-0.711168398433955,-1.16368282666153
"m654",-0.351355524362317,0.558356186075735,0.264368605388261,-0.122203418244776
"m655",0.562784204944839,-0.90673862835682,0.18985350223624,-1.45671923697546
"m656",-0.694245855762614,-1.15442822676866,-0.266428912348964,1.01475532095143
"m657",0.546568362442458,0.370833668276908,-0.821658628211426,1.27932551746702
"m658",-0.81738438487467,0.164324204870158,-0.0815510185508009,0.104059036245124
"m659",0.233499316284943,-0.847090348621014,0.144036563183642,1.15425114269602
"m660",0.0779756182341908,-0.597380452765068,-0.750446714112425,0.61754019606352
"m661",0.197380008521247,0.278259559276037,-0.0676003438954484,-1.18289676204621
"m662",-0.504296787724933,-1.30669189610882,0.747697612467058,-0.325271933341757
"m663",-0.0523769026030695,-0.0831970881877296,0.139886271342401,0.180136731385308
"m664",0.582440677925817,0.610603995949709,-0.272223226300076,0.194954147175804
"m665",-0.879564596866675,-1.16508661293196,-0.40091590324997,-0.40384124753352
"m666",-0.489517500954143,0.634959188472854,1.56226540605839,1.61438613430768
"m667",0.251856249105602,0.436615029841018,-0.358833620539408,0.0326737073807039
"m668",0.154266497077616,-0.317574787671603,-0.914743991725991,0.365557998162577
"m669",-0.615963998887094,-0.695074591368434,0.327243220247723,0.536496605868205
"m670",-1.25817015559985,0.130343396060717,-0.0187377024559628,-0.330518646969847
"m671",0.768514365664398,-0.98623886791992,0.0911849849570193,-1.25375867852044
"m672",-0.565763385434983,-0.729376323628363,0.553887682417038,2.11522557500508
"m673",0.174237862111684,-0.366184233089906,0.711969838370138,-1.77474116483563
"m674",-1.5959611049674,0.228235741756015,-0.835057851701781,1.18464985753809
"m675",-0.395241594447557,0.360668611055887,-0.209455760960711,0.0056205993578781
"m676",-0.777006557212451,0.259371797244013,-0.686316340961538,1.58857564007167
"m677",-1.02541554028731,1.30029326309043,0.802964298035174,-0.292119846071041
"m678",-0.265674153169913,0.547345350708362,-0.396024499953367,0.607441558246446
"m679",-1.39620684470243,-0.105249068958098,0.43219626623805,-0.0552505784793232
"m680",0.0508406838229729,-0.0405485075678843,-0.202287684450016,-0.851107916938385
"m681",-1.66019480211366,-1.20068656402932,0.630818043770761,0.0426869909563752
"m682",0.0791405126766689,-0.623136864791272,-0.0431879363600647,0.00045914097105261
"m683",-1.30004244703615,-0.424678308287575,-0.982647610051709,0.569757563058975
"m684",-0.149705258516797,-0.461561469956455,0.457153371595329,1.55543780031669
"m685",0.230569317366445,-0.473714753976437,-0.0179401767274315,-0.689504608407413
"m686",-0.540072991396089,0.282358128291827,1.04397885875543,-0.65880496244896
"m687",0.565456401233486,-0.576552291875925,0.263463306861354,-0.335972497487225
"m688",-0.32758009296437,0.551270322330039,0.342070527141637,0.179889227418655
"m689",-0.63208173072868,0.315886786304242,1.23399080407985,1.30146389885823
"m690",-0.122603362717971,-1.39255379618282,0.165623671853654,-1.13746630334767
"m691",0.695875147877403,0.126781009795884,1.03875237356705,1.8989207255996
"m692",-0.180601284127486,-1.48248545225889,0.227636775558722,-0.0352087818647987
"m693",0.839279371276098,-0.680890526757724,-0.189609657944721,0.653934716019193
"m694",0.129115879473432,-1.10371460803985,-0.0560942022929191,0.785543159990133
"m695",-0.538706750430217,-0.190478979846223,-1.29331851954183,0.524718287363057
"m696",-0.0158679914669427,0.335799906309386,-0.660887361838225,-0.100705394981532
"m697",-0.134322904941113,-0.434989898749518,0.404373165742219,-0.65002632924526
"m698",0.480868613367112,-1.47122533058042,-0.603204921277675,-1.4131625590917
"m699",0.026260641103484,0.663153606580302,-0.206595762716132,-2.96620295986766
"m700",-0.280678882372527,0.107715297068472,-1.13764720700424,0.47339877139768
"m701",-0.50765975008212,0.475497161557095,0.171320603427264,-0.451848208251457
"m702",-0.0224300530566589,-0.395442504956721,-1.03373005233361,0.352804941538442
"m703",-1.2043770187265,-0.87366855555461,-0.258314598051959,0.511294787955138
"m704",-0.207162886417144,-0.157692199300614,-0.205350769634369,-0.844902652466946
"m705",-0.345915507527222,0.0179889358603673,0.45009801761837,-0.677728430939949
"m706",-1.14060041171024,0.223327764887373,-0.457010989646099,0.809460712706463
"m707",-0.935974897125108,0.595516915925023,-0.252120773031181,0.304627295829754
"m708",-0.487242590995322,0.736985248128461,0.306928867044941,0.987841917833782
"m709",-0.429319839454607,-1.51603725115078,0.732739787140254,1.22481356851358
"m710",1.0410409153303,-0.516695380167519,-0.650902584022413,1.25331890733985
"m711",-0.052184707969068,0.0097805449797051,0.157439497791696,2.46411713241949
"m712",0.551684642782938,-1.36835126865411,-0.803641309031223,0.307808133552392
"m713",0.767096877081288,-0.104981314591218,-0.553295082489856,-1.6358243433803
"m714",-0.981825514626949,0.0333912932525687,-0.0752386477434551,0.587721273453573
"m715",-0.186966489471125,-1.33765254137616,-0.069916621419107,0.178770507881971
"m716",-0.419547426619999,-0.29926416354551,-1.44308839248273,1.39942250855763
"m717",-0.341358300668667,0.292722132673116,-1.71667604565632,-0.818439382305677
"m718",-0.872896366143343,-1.65796678487994,-1.27133348233852,1.04060262627678
"m719",-0.599081443296004,0.183781408389363,-1.44641520678148,0.47192664105206
"m720",-0.227707905096392,0.677812661341829,0.453029390657969,0.0524451937828549
"m721",0.195958927596567,-0.160539739595306,-0.16466471222019,0.628187209551488
"m722",-0.956922108484776,-0.668302785263484,-0.42415783828227,-0.306259685597174
"m723",-0.851528032584968,0.669826996105451,-0.583183756825121,-0.45749580651167
"m724",-0.456949573639456,0.218435887468294,-0.011007720859034,0.722894791441929
"m725",-0.448168674222808,0.455081746182457,-0.288547454060403,0.822035049209581
"m726",-1.58998152557968,-0.530842498308305,0.863079245882502,1.29608813395287
"m727",-1.1661322814128,-0.019401643404104,1.51194240767195,0.341176786564495
"m728",0.83417270661732,1.71690472161983,0.359413044033185,0.526055030819584
"m729",-0.737677370866201,-0.506314883129288,-0.00640987437727213,1.17505433478048
"m730",-0.339071766324421,-1.55846777877843,0.29446645576779,-0.842548086467073
"m731",-0.784342649179146,-0.00252754418269369,0.685823138599465,1.18525664977192
"m732",-0.135261049311933,-0.673546934883661,0.184836897072469,-0.101383995202951
"m733",-1.06458790543182,-0.599224850482108,-0.738742548108933,0.202684915775944
"m734",0.812599429536963,0.365014615720167,0.218728588843471,-0.552407636095675
"m735",-1.05060978566609,0.35354480113691,-0.825693968080989,0.725393243925615
"m736",-1.0452073092101,0.0365120454873623,-0.151708118317178,-0.453721026344538
"m737",0.530407148159533,-1.48670066107915,-0.318471255855909,0.306036883787288
"m738",0.175738159579208,0.0515189615172162,0.780944427847584,0.0378345952420011
"m739",-0.214910006162758,0.643852241009069,0.331046334971452,0.160875167405092
"m740",-0.965424551649361,-0.338685905756851,-0.430535338333338,-0.669256409903649
"m741",0.0133924938405608,-1.12008620748602,0.457257885962852,0.111130267316888
"m742",0.705268953192864,0.731015420454396,-0.817726691574187,-0.0955183199939623
"m743",-0.437753770992272,0.702029883041244,0.684256233036498,0.413416460488572
"m744",-0.513203231770524,0.26642969159786,0.819531828071611,0.113845988471225
"m745",0.425054781714751,1.49686731752425,-0.169455032613678,-1.63424812718925
"m746",-0.43038810253194,-0.505775186384104,0.311567467596044,-0.242692549303084
"m747",-1.1333619740027,0.279962882162059,0.780394188512096,0.20103039727221
"m748",-0.769112535532695,-0.0946470832743344,0.643179433460873,-0.203129809245147
"m749",-0.452824999287808,-0.35256371173148,-0.192147040254874,-0.354379289195104
"m750",-0.425595096497073,-1.17672497582623,1.3739983369327,1.25901929336126
"m751",-1.23935019758504,-0.905875968585234,-1.28976932049031,1.15340349207693
"m752",-0.523369456613859,-0.307629154619481,-0.834000262542109,0.255265794198763
"m753",-0.120728112789038,-0.423383711485048,0.0453569501976109,-1.07971128986164
"m754",-0.564813478837762,1.36236252624841,-0.559015428199518,-1.3342590651453
"m755",0.0164298433969171,-0.705313257799304,-1.10244732529257,0.201056805575889
"m756",-0.397817568206102,1.01518579929708,-0.217294879386026,0.749652792814469
"m757",-0.175368780153265,-0.369083630272074,-0.288519881534511,0.157254960384546
"m758",-0.0632213607562738,-1.55776899906711,-0.192020830979524,0.289480800859765
"m759",-0.838760868194502,0.276223565897111,0.472659221809173,-1.25438219392804
"m760",-0.156420802941469,-0.722264048967646,0.433743270087017,-0.700623912377675
"m761",-0.739778345512773,0.246005562886364,0.555187641986449,1.00320734716243
"m762",-0.0071580299814788,-0.594091969817899,0.226248424289044,-0.17606699847449
"m763",0.567147776712832,1.11866149477098,0.104153664239307,0.362361020485436
"m764",-0.256559587931807,0.105704226035868,0.0451818762467466,1.28665587552921
"m765",0.294893460125092,-0.778440687790562,-0.0611226838132611,-0.140084533701269
"m766",-1.47325624728197,0.141952226825007,0.449223134747587,-0.330721298318084
"m767",0.0916570475699712,0.271313867368937,0.127864561662746,-0.00199778877971672
"m768",0.461858872738356,0.236816819773321,0.248649135874725,1.06441686835739
"m769",-1.79465040064108,0.304827716668411,0.079383076374772,-1.25917414363685
"m770",0.836612623279293,-0.452719170524947,0.690814477673362,-0.873597604660912
"m771",-0.329574122480976,-0.318519342366899,0.196577340541257,-0.0675388390928087
"m772",0.0849466613788633,-0.013534382060449,-0.466088170725044,-0.673435788776741
"m773",-0.0809071190205773,-0.0125149657643847,-0.262643673157094,-0.816068426313283
"m774",1.67978314311734,0.712176071420047,0.143026719966502,0.681273695750249
"m775",-1.51041108034119,0.349121026864953,-0.952741978971261,-0.341288299581331
"m776",-0.15357107741243,-0.330371460747706,-0.174201934403884,0.168953506597691
"m777",-0.0784745512392387,-0.788872051617058,0.137590085413755,0.315472701752269
"m778",-0.476038368979512,0.25702842814874,0.530518331683115,-0.625867058365599
"m779",-1.17417807702974,-0.862376317137379,1.23107446460751,0.180664093868744
"m780",-1.0716018865793,0.182558592231005,1.40073966477123,-0.38353515303052
"m781",-0.37674532632837,-1.42374696757187,-0.310016799908071,0.303312799090333
"m782",-0.744657265261937,-0.599967898176489,0.149561912027517,1.5075110980623
"m783",0.071856593884392,0.414313453038813,0.0889785133996304,-0.99694504863115
"m784",-1.04368025225188,-0.347430482478885,-0.731536265039158,1.12781954262228
"m785",-0.428123504680584,0.567357079963188,1.12238114641767,0.134271466584272
"m786",-0.818113878312286,0.124692339758936,-1.11384928881063,-0.778714395627937
"m787",-1.58065680065783,0.441522557421391,-0.677907629629693,0.11310801723717
"m788",0.468936221180933,-0.472834975279039,0.907547883786701,-1.7511771616959
"m789",-1.20417146802625,-1.4164397048675,1.08822999465468,0.650729289589875
"m790",-0.473785057113432,-0.21885659689926,0.315981180690248,-0.277331523555652
"m791",-1.13550973000127,0.352636673728982,-0.213871729942064,1.5745054715891
"m792",0.43477713792668,0.932267009124123,0.440877905257083,0.542867787508813
"m793",0.328511119816833,0.492500663222593,-0.738211793526204,0.220657125246144
"m794",1.13526931236386,-0.238895257880677,-2.43118688139449,-1.57798562468639
"m795",-1.01950182497389,0.0899409808507078,0.800800270062769,0.882861268013486
"m796",0.00672608313163947,0.801422474399088,0.137961616710419,-0.692470779249235
"m797",0.84549317337403,-0.510096950454427,0.097397280597421,-0.547319716009805
"m798",-0.110922903189301,-0.422726206991522,0.229853352003355,1.26571175473822
"m799",-0.820027594052625,0.38957632420791,-0.637415208336552,0.195312500674352
"m800",0.367693889245787,-0.318737963919827,0.108545079578249,-0.492427074237681
"m801",0.572466282791862,-0.50344803461774,0.484612060085061,1.69631893360998
"m802",1.62685728945468,0.37238263464202,0.259124530001356,2.15620047488067
"m803",0.46347815011685,-0.40264422597658,0.594390426843042,-0.703197485773216
"m804",0.348687083947508,-0.68814171630696,0.208304304205118,2.27794753434861
"m805",-0.334358553999573,0.092274216758552,-1.65119081315753,1.65980872418045
"m806",0.004172632422481,0.611379342691974,0.265488442662307,-2.36380516723991
"m807",-0.928154185521803,0.172361344961053,0.29789297684521,0.686707426092385
"m808",-0.269802917790394,-0.303877197740102,-1.16180567891138,1.20416036927266
"m809",-0.283625488226022,-0.38113597158753,0.206692911363108,-1.84971493252837
"m810",0.72868798588355,-0.899563556825765,-0.409141673582053,0.0484865115126189
"m811",-1.22091931928667,-0.381747429488756,-1.40888898882899,0.423617308991279
"m812",-1.09386907805149,0.21320449789516,-2.08514093951243,0.135300513447232
"m813",-0.670513168185052,0.579451483128427,-1.1796615741858,1.07113546214635
"m814",-0.895156854685771,-0.962323078608116,0.0176341883311229,0.217352118204059
"m815",0.163465863521365,-0.295481787985299,-0.0651478957728269,-0.602949596354514
"m816",-0.262569821311431,-0.64357165038408,0.338294319594082,1.74568779294145
"m817",-0.442794318400432,-0.66701215588121,0.802088444514284,-0.882593269285346
"m818",-0.798137397901678,0.555306189580297,0.378956411324995,-0.21650873938233
"m819",-0.830512891926139,-0.681418958351867,0.191761547507058,-0.873449562049704
"m820",-1.71929423723559,0.220738692826629,0.21451377613692,-1.81201112150207
"m821",-0.937950795368448,-1.62677050587971,-0.81891685264953,-0.533271275983726
"m822",-0.367914670764514,1.35884248168957,0.42954451922181,-0.219707018342117
"m823",0.809575208670678,-0.43573691902723,-0.661890717304074,-0.185249890806585
"m824",-0.353148976953797,0.991949471422926,2.08688133311494,0.502231149894894
"m825",-0.31219503414603,0.145905012414771,0.996837865136853,1.16898687500303
"m826",-0.755112299488675,-0.821011121447506,-0.186274904931385,0.764220459189292
"m827",-1.00965798388947,0.874157544127845,-0.142289638911305,0.441124538487371
"m828",-1.72579277988142,-0.515893390955941,0.611286226333687,0.64886602416044
"m829",-0.568698723874459,-0.636890443471522,-0.213497068175038,0.00420874627096852
"m830",0.0291539879832121,-0.880926754527155,0.0369368061618864,-2.13145535204113
"m831",-0.843793778046228,1.09884063923676,-0.819869656746807,0.404636395536211
"m832",1.81920142134194,1.21301925663525,0.220736280488588,-0.627476616404884
"m833",0.0562235935314657,-0.0185674074971087,-0.117743753773178,0.567135827248054
"m834",-0.489462123975275,0.957135897102296,0.463122400590821,-1.27888711022172
"m835",-0.859244486151176,0.052425963839125,-1.01586442016883,-1.14564217874731
"m836",-0.735183927684433,-0.591403628153265,0.300970819971948,1.07945708618789
"m837",0.557136568576923,0.762292644743225,0.122391918757909,-0.0461685040618508
"m838",-1.61127738611051,0.339908320110229,-0.504613989603787,-0.252856437196057
"m839",0.595063177996028,0.89536044668911,-0.098206265262786,2.00040652815726
"m840",-0.549799255565242,-0.319863067799396,-0.175852000323271,1.57519099212861
"m841",0.308037555133361,-0.0483775596317463,0.137436591162058,0.184571286269394
"m842",-0.107857213320146,0.127639274458798,0.0335249554981089,-0.00304405903372006
"m843",-0.726580623528106,0.674732444659256,0.642944029231265,1.56947998916449
"m844",0.277083758180206,0.796029343019682,0.812767987494408,0.00912691511296786
"m845",-1.00798247565109,0.330918145636298,0.081858720820239,-0.420673709955228
"m846",-0.208312706764775,0.0259109904747966,0.00205457125817273,0.12797049247909
"m847",0.322534440336555,0.440082938012073,0.586228826881806,0.345402873409918
"m848",-0.468231901869587,-0.738544602317344,-1.59885975885113,0.595980372676456
"m849",0.465293280520023,0.0760701178593666,0.162922541974477,-1.31494239302607
"m850",0.5213507896384,1.23610056452595,0.459270203891521,0.13300559335937
"m851",-0.589106673404167,1.21663307109088,-0.195524993663667,0.374350569081739
"m852",-0.111080512785097,-0.813569239922117,-0.0474664228229049,-0.842127651544305
"m853",0.278643273464865,0.406197014709865,0.265552390708329,-0.876867912368414
"m854",-0.801837195701818,-0.0500470210305551,0.682906939337378,0.0951135660307364
"m855",-1.09099803657794,-0.0222121038378108,0.31274208782169,0.557916124291409
"m856",-0.255578428280679,0.592737458111399,0.192633389725488,-0.165914531901127
"m857",-0.417588309025868,0.217317022346783,-0.704769054925197,-1.2592100808147
"m858",-0.86591453692599,0.110053411918883,0.453593704876881,0.997175513539706
"m859",0.342979933285531,-0.115328324813252,1.67822771514439,-0.109170652594949
"m860",0.627462839397722,0.406933343928868,-0.422948107490107,1.52014280152351
"m861",-0.0952503296048803,-1.33354229620017,-0.0173971287747328,-1.06444750802492
"m862",-0.418360041064067,0.335445973400341,-0.478963986723269,1.32830682393964
"m863",-1.8886384254326,-0.137236803978439,1.55093291852244,1.3725871987375
"m864",-0.359710937660527,0.477943892145123,0.195009328076323,0.939905610700483
"m865",-0.691377405168312,-0.501413898809562,0.364383512588197,0.333015005086255
"m866",-0.991605127182976,-0.398448622825975,0.0362509352074508,-2.30145026729533
"m867",-1.06145452450552,-0.389334425919181,1.11321569916715,-1.93070396044131
"m868",-1.0756006358697,0.313126667290277,-0.713247869861946,-0.124708426425341
"m869",-0.198789547643552,-0.751133491454169,-0.297573284604924,0.898812721614776
"m870",-0.321335133130802,-0.659458576522327,0.585650192550228,0.146898066867233
"m871",-1.21484296736117,0.176349857206601,0.460478880925704,-1.38659968735851
"m872",-0.55479413810852,-1.18992428914568,-0.745909847947675,-0.478454628647668
"m873",-0.120578422941901,-1.29063027618071,-0.0021855189606443,0.313809866297967
"m874",0.292759785091773,-0.333457450057855,-0.487922477817694,-0.262188571154609
"m875",-0.381703435948545,-0.584027187195884,0.721363306857007,-1.26128939972026
"m876",-0.293290560921512,-0.203104632107171,-0.162606404181722,-0.263674923379356
"m877",-0.800109147962924,-0.218959007447398,-0.577882368460038,0.281391542958524
"m878",-0.898876946677627,-0.261510785670955,-0.13146236742327,0.262208039412021
"m879",-0.689610956682525,-1.87136600824474,-0.849776682428285,1.54230409638167
"m880",-1.98615904576631,-0.122471353008108,-0.321734298199385,0.940692391438133
"m881",-2.68077380092366,-0.0101278460164744,0.0724662155018357,0.654088878614615
"m882",-1.42443712231313,0.129244341812123,0.2316357348741,1.03207286567692
"m883",-0.556237052249496,-0.435994976017075,0.413722696198849,1.16320282626714
"m884",-1.34889581754171,-0.817668479636058,-0.203499911899059,1.09058811087549
"m885",-0.271540449588077,0.704888851933166,0.0868560112392766,0.884118541598205
"m886",0.219339385397888,0.705489931825045,0.559324657837587,-0.60649575201306
"m887",-0.281349086374509,0.229942540083725,0.606858722532308,1.44441704653936
"m888",-0.115041967598469,-0.0722089393907632,0.276528424846824,2.79927087902725
"m889",-0.367964581681749,-0.963398996062165,-1.36350191579861,-0.307102051537272
"m890",0.402660980495672,0.680660426006099,-0.7224262504981,0.248131730067193
"m891",-0.560579144822722,-0.490896650698089,0.262600134753603,-1.11410766026579
"m892",-1.73415811053299,-0.853751994251004,-0.542379240717532,-0.774637577513826
"m893",0.845532140148311,0.438577856863245,0.314067583374546,-0.895247786475879
"m894",0.652160144858411,-1.2742412485696,1.02621730402323,-0.823110741480803
"m895",-1.19814119815327,-0.806012579276933,-0.460946010709329,-0.233728942783113
"m896",-0.519689922034516,0.327759441585272,-0.409928007112492,-1.12214812517305
"m897",-1.43498463126409,0.916686579084698,-0.601946473120237,-0.365065832878278
"m898",0.506716910414555,-0.445063944632017,-0.410125609129926,0.102996744418264
"m899",0.33822420595369,-0.299771084890828,-0.243772754088179,1.06047661446938
"m900",-1.00656607854086,0.090669014342204,-0.318359496292493,0.0234498954422687
"m901",0.307374992665296,-0.895136167763733,0.971864912178815,-0.660756926655498
"m902",-0.291155510229441,-0.115230259590612,-0.688235055621674,2.33372409707762
"m903",-0.139580358426659,0.088366224511649,-1.03172813195433,0.370530391470644
"m904",-0.291610677775419,-0.337127587443387,0.126422985523235,-1.18320744608311
"m905",-0.320380232179034,1.25383566631004,0.0489066992973205,-0.0772264615696324
"m906",0.0308944976128637,0.1048600274555,1.48561221675061,-0.0476965281728035
"m907",-1.90707929799926,0.255026519977921,0.330876653885322,1.61294527616572
"m908",0.113096748173755,0.620687554674385,-0.259669190992289,-0.0157011879919025
"m909",-0.838725932871137,-1.27591540229697,1.05835131407804,1.88877279677962
"m910",-0.375734775327086,0.111598300190408,0.770445608482372,0.111059158013346
"m911",-1.10760313414156,0.152823081552876,-0.410469654498804,1.72397296753992
"m912",-1.64166517125653,0.777409963233152,-0.456293174399879,0.720322147265751
"m913",0.259089164128445,0.65775311153418,0.12356763427946,0.826607285024418
"m914",0.064138809530715,0.566726485697815,0.784470161332574,0.607153658225682
"m915",-0.267185074562055,0.458543979384768,1.01039452575317,-1.22030326844402
"m916",-0.961118344758883,-0.0169334154376637,-0.57757919169089,-0.0237764167422301
"m917",-0.603660530936327,-1.0974121445626,-1.08805926250525,-0.0153792699622862
"m918",-0.0445676695584098,0.104438832918895,0.896904548049734,-0.914516334458757
"m919",-0.102807120316374,0.239429090653182,0.147701321178002,-0.68052833267392
"m920",-0.586367292573177,-0.0120784723969775,0.389898223000135,-0.686763298619476
"m921",0.148794546016655,-0.262418239213379,0.408351761371452,0.386711191110157
"m922",0.12579406057443,0.406045163691367,-0.45029471737521,2.06578130143156
"m923",-1.35756022554515,1.5060941057291,-0.90605265434118,-0.53811503877225
"m924",-1.61871930662693,-0.89373859372463,1.27207150941188,-1.34685995721988
"m925",-0.438767915224187,-0.439921385514796,-0.892373296177988,0.56549336296907
"m926",-0.196677002911524,-0.0896785751766241,-0.355624210382128,0.030077379136766
"m927",0.188838795047967,-0.442135800956104,-0.109587298064206,2.66925408254536
"m928",0.634039283315486,0.294976726869775,0.67600292628447,-1.53506826945743
"m929",0.311206933882548,-0.140945487320799,1.72042322831605,0.614653279448893
"m930",-1.25319349916842,0.0458565303771615,0.291821056990161,-0.641084035053189
"m931",0.615678512463891,-1.15264195704204,-0.283603010878005,0.154226732422572
"m932",0.0899389825227361,-0.822745413144071,0.34191139082124,1.93985542450892
"m933",-0.0630214870466271,-0.604503300177937,0.193644017486514,-0.158276080962686
"m934",0.439528862438962,0.0750149700614748,-0.13484587327612,-0.940790894602699
"m935",-0.0159153508192129,-0.697911654333638,0.0530696642321851,0.762860040911982
"m936",-0.142705797116655,-0.191083639846344,0.0494970990340906,0.89978807552403
"m937",-0.618247927183941,-0.112065681414619,0.7386113333017,0.0387724804399922
"m938",-0.988968063167829,-0.444776334922583,-0.0143464302547302,-1.73274095671584
"m939",-0.89869410879713,0.0626135020080986,-0.12107447528622,0.279316851972252
"m940",-0.183264924586113,-1.41502648307499,0.330080889491362,0.231948479170478
"m941",-0.75092854701705,-0.235822634679491,-0.379866931652062,0.811186156961705
"m942",-0.767174800508667,-0.0843766097249344,-0.018615142781718,-0.876609274030632
"m943",-0.950962767583456,-0.240574204286829,-0.729576528186635,-1.90862658471893
"m944",-0.461185835416942,0.725777771835582,0.6268684719161,0.479382359301015
"m945",-0.191727643754903,-0.147225356042323,1.2959809452195,0.841038044966175
"m946",-0.418204137549145,0.904025273324043,0.541059841344813,-0.634382134368597
"m947",0.241679249893489,0.847487247828835,-0.606171586186653,0.382348450971865
"m948",0.0651666128713682,-0.559825158173664,-1.03821978137288,-1.80962711348927
"m949",-0.70028153387272,-0.154797122621772,1.10304904284189,-1.42788199904044
"m950",-0.79216298498253,-0.304103215603134,-0.542198389736,1.63066150676264
"m951",0.00497813335376857,-0.0218913119577313,0.468895514565569,-0.100675875433575
"m952",-0.0833551002249514,0.334601724683038,0.438732732631237,0.878868019828367
"m953",-0.440313441343304,0.439266583927911,1.47012784929979,0.227575278347516
"m954",0.880100071928683,0.598639365741595,0.0209216181118948,-1.69061204565619
"m955",-1.23227514982123,-0.624890941872782,0.621511447308559,-0.656024558280166
"m956",-0.480247404134536,0.330410609048324,0.148896482540226,0.508773577224724
"m957",-0.127969275960519,-0.674563760780597,0.316221610903553,-1.59419406084336
"m958",0.231648520464396,0.502520343268977,0.953781521050025,0.292076224494735
"m959",0.595060371274977,-0.0652133050807961,-0.0740808970549686,1.24058422518193
"m960",-0.0918056956006356,0.34692660933686,-0.693395530771673,-1.6532701601882
"m961",-0.204665108806314,-0.634326643363516,0.692860658127272,0.732714093155362
"m962",-1.17703726034204,-0.32272657467699,-0.696046167056586,-1.92011111491485
"m963",-1.27210846148227,-0.715974674789778,0.0328371161552553,0.0172846388389622
"m964",0.103211776076553,0.255561371521064,-1.06048586720046,2.2819477355993
