ID,m607,m751,m651,m624,m757,m916,m967,m874,m642,m138,m384,m508,m785,m394,m698,m978,m69,m759,m566,m995,m50,m386,m123,m5,m615,m830,m972,m100,m586,m242,m815,m105,m987,m731,m821,m181,m838,m252,m501,m376,m768,m660,m753,m13,m471,m451,m462,m749,m177,m948,m172,m155,m91,m102,m124,m115,m764,m676,m411,m346,m223,m227,m832,m713,m483,m715,m719,m974,m482,m282,m655,m211,m876,m220,m296,m865,m150,m841,m845,m664,m525,m300,m520,m288,m191,m608,m322,m365,m149,m269,m860,m101,m826,m762,m195,m406,m7,m349,m194,m74,m885,m416,m381,m623,m339,m27,m509,m190,m889,m683,m265,m504,m930,m712,m604,m164,m510,m769,m998,m547,m159,m797,m870,m225,m37,m737,m121,m193,m165,m743,m621,m238,m120,m684,m742,m388,m88,m418,m133,m588,m240,m840,m217,m460,m521,m80,m771,m961,m56,m932,m53,m112,m241,m935,m955,m667,m824,m42,m479,m969,m432,m673,m772,m73,m810,m464,m200,m905,m691,m367,m213,m842,m485,m939,m41,m334,m311,m741,m366,m298,m688,m783,m511,m229,m843,m853,m417,m851,m257,m71,m126,m285,m820,m2,m413,m857,m87,m701,m267,m452
a41,1,1,2,2,0,2,0,1,2,2,1,0,0,0,0,0,0,0,1,0,0,1,1,0,1,1,0,0,1,2,2,0,0,0,1,1,1,2,2,1,1,1,0,0,0,1,0,0,2,1,2,1,0,0,1,1,0,1,0,0,1,1,0,0,0,1,0,0,0,0,0,2,0,2,0,0,0,1,1,0,0,0,0,2,0,0,0,0,1,1,0,0,0,0,0,1,2,0,1,0,0,0,0,0,1,1,0,1,1,1,1,0,1,0,1,0,0,0,0,2,0,2,0,0,1,1,1,1,1,1,2,2,1,1,0,1,0,1,2,1,2,0,1,1,2,0,1,0,0,0,0,1,2,1,1,0,1,1,0,1,1,1,1,0,0,1,0,1,2,1,1,1,0,0,1,0,0,1,0,2,1,0,2,0,0,1,0,1,1,0,2,1,1,0,0,2,1,2,1,1
a42,0,0,1,0,1,2,0,1,1,0,1,2,0,0,0,0,0,0,1,0,1,2,0,1,1,2,1,0,1,2,1,0,0,1,1,1,1,2,2,0,1,0,0,1,1,0,2,0,0,1,2,0,0,0,1,2,0,1,1,0,1,0,0,1,2,1,1,1,0,0,0,2,0,2,1,0,0,1,1,1,1,1,0,2,0,0,0,1,1,2,0,0,0,1,0,0,1,2,2,1,0,0,0,1,2,0,0,0,1,1,1,0,0,0,0,0,0,1,0,1,0,2,0,1,1,2,0,0,0,0,0,1,0,0,0,1,0,1,0,1,1,0,1,0,1,0,0,1,1,0,1,0,2,2,0,0,1,1,2,0,1,0,0,1,0,0,0,1,1,1,1,1,2,0,1,0,1,0,0,1,0,0,0,1,0,1,1,1,2,1,1,0,1,0,1,1,0,2,2,1
a43,0,2,1,0,1,0,0,2,2,1,0,1,0,0,0,1,0,0,2,0,1,1,1,1,1,1,0,1,2,2,2,0,0,1,0,2,1,2,1,0,1,2,0,0,2,2,1,0,0,1,2,1,1,1,1,1,0,1,1,0,0,0,0,0,2,2,0,0,0,1,0,2,0,2,0,0,0,0,0,1,0,0,1,1,2,0,0,0,1,1,0,1,0,1,0,1,1,2,1,0,0,0,0,0,0,0,0,0,0,1,1,0,2,0,0,0,0,1,0,2,1,1,0,1,2,0,1,1,0,2,0,2,0,1,0,0,1,1,1,2,2,0,0,1,0,0,1,0,1,0,1,0,2,0,0,0,2,0,2,1,0,1,1,0,0,0,0,0,2,1,0,0,2,0,2,0,1,0,0,2,1,0,1,1,0,0,1,0,2,0,0,0,2,1,2,0,0,2,1,2
a44,2,1,1,0,0,2,0,1,1,0,0,0,1,0,0,1,1,0,2,0,0,2,1,1,2,0,0,1,1,1,2,1,0,0,1,1,1,0,1,1,0,0,1,1,2,0,1,0,1,2,1,0,1,1,0,0,0,1,1,0,1,0,0,1,0,1,1,0,0,1,0,2,0,2,0,0,0,0,1,0,1,0,2,0,0,0,1,1,0,1,0,1,0,1,2,1,0,1,0,1,0,0,0,1,1,2,0,0,1,1,1,0,0,0,2,1,2,1,0,1,0,1,0,1,2,0,1,2,1,1,0,0,1,1,0,0,2,1,0,1,0,1,0,0,0,0,1,1,0,1,0,1,0,1,0,1,1,0,1,1,1,1,1,1,0,0,1,1,2,1,0,1,0,0,2,0,0,1,1,2,1,1,0,1,0,0,1,0,1,1,0,1,2,1,1,0,2,1,1,0
a45,1,1,1,1,0,1,0,2,1,1,0,1,0,0,0,0,1,0,1,0,0,1,0,0,1,0,0,0,1,1,2,0,0,1,1,2,0,1,2,1,1,0,0,1,1,1,1,0,1,1,2,0,0,0,1,1,0,1,0,0,0,1,0,0,0,1,0,0,0,0,0,1,0,1,0,0,0,0,0,0,0,1,1,2,1,1,0,0,1,2,0,0,0,0,0,2,1,1,0,0,0,0,0,0,0,1,0,0,0,0,2,0,0,0,1,0,0,0,0,2,0,2,0,0,2,1,0,0,1,0,1,0,0,0,0,0,1,0,1,1,0,0,0,1,1,1,1,0,0,0,1,1,0,1,0,1,1,0,0,2,0,1,1,0,0,0,0,0,1,0,0,0,0,0,2,0,0,1,0,2,1,0,1,0,0,0,0,0,1,0,0,1,1,0,0,0,1,1,2,1
a46,2,0,1,2,2,1,0,0,2,0,0,2,0,1,0,1,1,0,2,0,0,0,0,1,2,0,0,0,1,1,2,0,0,0,0,1,1,1,2,1,1,0,0,1,0,0,0,1,0,2,2,1,0,0,0,1,1,1,0,0,0,1,0,1,0,1,1,0,1,0,1,1,0,1,0,1,0,0,0,0,1,1,1,1,1,0,1,1,0,2,2,0,1,0,0,2,1,2,1,0,0,0,0,0,0,1,0,1,1,0,2,0,0,0,2,0,1,0,0,2,0,2,0,0,2,0,0,1,0,1,2,0,0,0,0,0,0,2,0,2,0,0,0,2,1,1,0,0,0,0,2,0,0,1,0,0,2,0,0,0,1,0,0,0,0,2,1,1,2,0,0,0,1,0,2,0,0,1,1,1,0,2,1,0,0,0,1,0,1,0,0,0,2,0,1,0,0,1,2,1
a47,2,1,1,1,0,1,0,1,0,1,0,1,0,0,0,0,0,0,2,0,1,2,0,1,1,0,0,1,2,2,2,1,0,0,0,2,2,1,1,0,1,1,1,2,1,1,0,0,0,0,2,0,1,1,0,2,0,2,1,1,1,0,0,1,2,1,1,1,0,1,0,2,0,2,1,0,0,0,1,0,1,1,2,1,1,0,0,0,1,1,0,1,0,1,1,2,0,2,1,1,0,0,0,0,1,2,0,0,0,0,1,0,1,0,2,0,1,1,0,2,0,1,0,1,1,0,0,1,0,1,1,1,0,0,0,0,1,1,1,1,1,0,1,1,0,0,1,1,1,0,0,0,1,1,0,1,2,0,2,2,0,0,1,1,0,1,0,1,2,2,1,0,0,0,2,0,0,1,0,1,0,0,1,1,0,0,1,0,1,1,0,0,2,0,1,0,0,2,1,1
a48,1,1,2,0,1,1,1,2,2,1,1,1,0,1,0,1,0,0,1,0,0,1,1,1,1,0,0,0,1,2,2,0,0,0,0,1,1,1,1,1,2,0,0,0,2,0,0,1,1,1,2,0,0,0,1,1,0,2,1,1,0,0,0,0,0,2,0,0,0,0,0,2,0,2,0,0,0,0,0,0,0,0,0,2,0,1,0,0,1,2,0,0,0,1,0,1,1,1,0,0,0,1,0,1,0,1,0,1,1,0,2,0,1,0,2,0,1,0,0,2,0,2,0,0,2,1,1,0,1,1,1,1,1,0,0,1,0,1,1,1,2,0,0,2,1,0,0,0,0,0,1,0,2,0,0,0,2,0,0,1,1,0,0,0,0,1,1,0,2,1,0,0,1,0,2,0,0,1,0,2,0,1,1,1,0,0,0,0,2,0,1,0,2,0,1,0,0,2,2,1
a49,1,0,0,2,1,1,0,0,0,0,0,2,0,0,0,0,0,0,2,0,1,2,0,0,2,2,2,1,1,1,0,1,0,0,2,2,0,1,2,0,0,0,0,1,1,1,1,0,0,1,1,1,0,1,0,1,0,0,0,0,1,0,0,2,1,0,2,2,0,1,2,2,1,2,0,0,0,1,2,1,2,1,1,0,1,0,0,1,2,1,0,1,0,2,1,1,1,1,1,1,0,0,0,0,1,0,0,0,0,2,0,0,0,0,1,0,1,1,0,2,1,1,0,1,0,0,0,1,0,0,2,1,0,0,1,0,0,1,0,0,0,1,1,0,1,0,0,2,0,1,0,0,0,1,0,0,0,1,2,0,0,0,0,1,0,1,0,1,0,2,0,2,1,1,1,1,0,0,0,1,0,0,0,1,1,1,0,2,1,1,0,0,0,2,0,2,0,2,1,1
a50,1,0,0,1,0,0,0,2,0,0,0,1,0,0,0,0,1,0,0,0,0,0,0,0,2,0,0,0,0,2,2,0,0,1,0,2,1,0,2,0,0,0,0,1,1,2,2,0,0,0,1,0,0,0,0,2,0,0,0,0,0,2,0,0,0,2,0,0,0,0,1,0,0,0,0,0,0,0,0,1,0,2,2,1,0,2,1,0,0,1,0,0,0,0,0,2,0,2,0,0,0,0,0,1,0,2,0,0,0,0,1,0,1,0,2,1,2,0,0,1,0,0,0,0,1,0,0,0,1,0,1,0,0,0,0,0,2,0,0,1,0,0,0,0,0,1,2,0,0,0,0,0,0,0,0,0,2,1,0,2,0,2,2,0,0,0,0,0,1,0,0,0,0,0,1,0,0,0,0,1,2,0,0,0,0,0,0,0,2,0,0,1,2,1,0,0,1,1,1,2
a51,0,0,0,1,2,0,0,2,0,0,0,2,0,0,0,1,0,2,2,0,1,1,0,0,1,1,2,1,1,2,1,1,1,0,1,2,1,0,2,0,0,0,0,1,0,2,1,0,0,0,2,1,0,1,0,2,1,0,0,1,1,0,0,2,1,0,2,1,0,2,2,2,0,2,0,0,0,0,0,2,2,1,1,0,2,0,0,0,1,0,0,1,0,1,0,2,1,1,2,1,0,0,0,1,0,1,0,0,0,1,0,0,1,0,0,0,1,1,0,2,0,1,0,1,1,2,0,2,0,1,1,2,0,1,0,0,0,1,0,0,1,0,2,0,1,0,0,1,1,1,0,0,1,0,0,0,1,1,1,2,0,1,0,1,1,2,0,0,1,1,2,0,0,1,1,0,1,1,0,1,1,0,0,1,0,0,0,0,1,1,0,0,1,1,0,0,0,2,0,2
a52,2,0,2,1,1,1,2,0,1,0,0,1,0,1,0,1,0,0,1,0,0,0,0,1,2,0,0,1,1,2,2,1,0,0,0,1,1,1,2,0,1,0,1,1,2,0,1,1,0,2,2,0,1,1,0,2,0,1,0,1,0,0,0,2,1,0,2,0,0,1,0,2,0,1,0,0,0,0,1,1,2,0,1,2,1,1,0,0,1,2,0,1,1,1,0,2,1,2,1,1,0,1,0,1,1,1,1,1,1,1,1,0,0,0,2,1,1,1,0,2,0,2,0,0,1,0,0,1,1,1,2,0,0,0,1,0,0,1,0,1,0,0,1,2,1,0,0,0,1,0,1,0,1,1,0,0,2,1,1,1,1,0,0,1,0,0,1,0,2,0,1,0,1,0,1,0,0,0,0,2,0,0,1,1,0,1,0,1,2,1,0,0,2,0,1,1,0,2,2,0
a53,1,1,1,2,0,1,0,2,1,1,0,0,0,0,0,0,1,0,1,0,0,1,1,0,1,0,0,0,1,1,2,0,0,2,0,2,1,1,2,0,0,1,0,1,1,2,2,0,1,1,1,0,0,0,1,2,0,0,1,0,1,1,0,0,0,2,0,0,0,0,0,1,0,1,0,0,0,0,0,0,0,1,1,1,2,0,0,0,0,1,0,0,0,0,0,0,1,2,1,0,0,0,0,0,0,1,0,0,0,0,1,0,1,0,2,0,1,0,0,1,0,2,0,1,2,1,1,1,0,1,2,1,0,0,0,0,0,1,1,1,1,0,1,0,1,0,2,0,2,0,0,0,1,1,0,1,2,0,0,2,0,1,2,0,0,0,0,1,1,1,1,0,0,0,2,0,1,0,0,2,1,0,1,1,0,0,1,0,2,0,1,1,2,0,1,0,1,0,1,2
a54,1,0,1,2,1,0,1,0,1,0,0,2,0,0,0,0,0,0,1,0,1,1,1,0,1,1,2,1,1,2,0,0,2,0,1,1,1,0,0,1,2,1,1,1,0,0,1,0,0,1,2,0,0,1,1,1,0,0,1,0,1,0,0,1,0,0,1,2,0,2,0,1,1,0,0,0,0,0,0,1,0,0,0,0,0,0,0,1,1,1,1,1,0,1,1,1,2,1,0,0,0,0,0,0,1,0,0,0,0,2,0,0,0,0,2,1,0,0,0,2,0,2,0,1,1,0,1,1,1,0,1,2,1,1,1,0,1,1,1,1,1,0,1,1,2,1,0,1,1,0,1,0,1,1,0,0,1,1,0,1,0,1,0,1,1,1,0,1,2,0,1,0,1,1,1,0,0,0,0,2,1,0,1,1,0,0,1,0,2,1,0,0,1,1,1,0,1,1,1,0
a55,1,0,1,0,0,1,1,2,0,0,0,1,1,0,0,1,0,0,1,0,0,1,0,1,1,0,2,0,1,1,2,0,2,0,0,2,2,0,0,0,1,0,2,2,1,1,1,0,0,0,2,0,0,0,0,1,0,1,0,1,1,0,0,2,1,0,2,1,0,2,1,2,0,2,1,0,0,0,0,1,2,1,1,0,2,0,0,1,0,2,0,0,0,2,0,2,0,1,1,1,0,0,0,2,2,0,0,0,0,1,1,0,1,0,1,0,1,0,0,2,0,1,0,1,0,0,0,0,0,0,0,0,0,0,0,0,0,0,0,1,0,0,1,0,1,0,0,1,0,1,0,1,0,0,0,0,2,1,1,2,2,0,0,1,0,1,0,1,1,1,1,0,1,1,1,0,1,2,0,1,0,1,1,1,0,0,0,0,0,1,0,0,2,2,0,0,0,2,2,1
a56,1,0,1,1,0,0,0,2,2,1,0,0,0,0,0,0,0,0,0,0,1,0,0,1,2,0,0,1,1,2,2,1,0,1,0,2,2,1,2,0,1,0,0,1,2,2,2,0,1,0,1,0,1,1,0,2,0,0,2,0,0,1,0,1,1,1,1,0,1,1,0,2,0,1,0,0,0,0,0,1,0,1,2,2,0,1,1,0,1,1,0,1,0,0,1,1,0,2,0,0,0,0,0,0,0,1,0,0,0,1,1,0,2,0,2,1,1,0,0,1,0,0,0,0,2,0,0,1,1,1,1,1,0,1,0,0,2,2,1,2,1,0,0,0,0,0,2,0,1,0,0,0,1,0,0,1,2,0,1,2,0,1,2,0,0,0,0,0,2,1,0,0,1,0,2,0,0,0,0,1,2,0,1,0,0,0,2,0,1,0,0,1,2,1,2,0,1,1,1,2
a57,1,1,2,0,1,1,1,1,2,0,2,1,1,0,0,0,1,1,1,0,0,2,0,0,1,0,1,1,1,2,1,0,1,0,0,0,0,0,1,1,1,1,0,1,0,1,0,0,1,1,0,0,0,1,1,0,0,1,2,1,1,1,0,0,0,1,0,1,0,0,0,2,0,1,0,0,1,0,0,0,0,1,0,0,0,0,0,0,0,1,1,1,0,1,0,0,1,0,1,1,0,1,0,0,0,1,0,0,0,1,1,0,0,0,0,0,1,1,0,2,0,1,1,1,1,0,0,1,0,1,1,1,0,0,0,2,1,0,1,1,1,0,1,2,2,1,1,0,2,0,0,0,1,0,1,1,2,0,0,1,1,0,0,1,0,0,1,1,2,0,1,0,0,1,2,1,0,0,2,1,0,0,2,1,0,1,0,0,1,1,1,0,2,1,2,1,1,2,1,1
a58,2,0,0,1,0,1,0,2,0,1,0,2,0,0,0,0,0,0,1,0,2,1,0,0,2,1,2,0,0,1,0,0,0,0,0,2,0,0,1,0,1,0,2,1,2,0,1,0,0,0,2,1,0,0,0,2,0,1,0,0,1,0,0,1,2,1,2,2,0,0,2,2,0,2,1,0,0,1,0,1,2,1,0,1,0,0,1,1,1,1,0,0,0,2,1,1,0,2,0,1,0,0,0,1,1,0,0,0,2,1,0,0,0,0,1,0,1,1,0,1,1,2,0,1,0,1,0,1,0,1,1,1,0,0,0,0,0,0,1,2,1,0,1,0,2,0,0,1,2,2,0,0,1,1,0,0,1,2,2,0,1,0,0,1,2,2,1,2,1,2,1,1,2,2,0,0,0,1,0,1,0,0,1,1,0,1,0,1,0,2,0,0,2,2,0,1,0,2,1,0
a59,0,1,1,1,0,1,0,1,0,1,1,0,0,0,0,0,0,0,2,0,1,2,0,2,1,1,0,1,2,1,2,0,0,1,1,1,1,0,1,1,1,1,1,0,1,1,1,0,1,1,1,1,0,1,1,1,0,0,0,0,1,1,0,1,1,1,1,0,0,1,1,2,0,1,0,0,0,0,1,2,1,0,0,0,1,0,0,0,2,2,0,1,0,1,1,2,0,2,1,1,0,0,0,0,2,1,1,0,0,0,1,0,0,0,1,1,2,0,0,2,1,1,0,0,0,0,1,2,2,0,1,0,0,0,1,1,1,0,1,1,0,1,2,1,1,0,1,0,1,0,0,1,0,2,0,0,1,1,0,0,1,1,1,1,0,0,0,1,1,1,2,1,1,0,1,0,0,1,1,2,1,0,1,0,0,1,0,1,1,1,1,1,1,0,0,1,0,1,2,1
a60,2,1,1,2,0,1,1,2,1,0,0,1,0,0,0,1,0,0,2,0,0,0,0,1,2,0,0,0,0,2,2,0,0,1,0,1,1,1,2,0,1,0,0,0,1,1,1,0,0,1,2,0,0,0,0,1,0,1,1,0,0,2,0,0,0,2,0,0,0,0,0,0,0,0,0,0,0,1,1,0,0,1,1,2,2,1,0,0,1,1,0,0,0,0,0,0,1,1,1,0,0,0,0,0,0,2,0,0,1,0,1,0,0,0,2,0,2,0,0,1,0,2,0,0,2,0,0,1,0,1,2,0,0,0,0,0,1,1,0,2,0,0,0,1,1,0,1,0,0,0,0,0,0,1,1,1,2,0,0,2,0,1,1,0,0,0,0,0,1,0,1,1,0,0,2,0,0,0,0,1,1,0,0,0,0,1,1,1,1,0,0,1,2,0,1,1,1,0,1,1
a61,1,0,1,0,0,0,0,2,0,0,0,0,0,0,0,1,0,0,0,0,0,0,0,1,1,0,1,0,1,1,2,0,1,1,0,2,2,0,1,0,1,0,1,2,2,1,2,0,0,0,1,0,0,0,0,2,0,0,0,0,0,1,0,1,0,1,1,0,0,1,0,1,0,1,1,0,0,0,0,1,1,2,1,0,1,1,1,1,0,2,0,0,0,1,0,2,0,2,1,1,0,0,0,2,1,1,0,0,0,1,2,0,2,0,1,0,2,0,0,1,0,1,0,0,0,0,0,0,0,0,0,0,0,0,0,0,1,0,0,0,0,0,0,0,1,1,1,0,0,0,0,0,0,0,0,0,2,2,0,2,1,1,1,0,0,0,0,0,1,0,0,0,0,0,0,0,0,1,0,1,1,0,1,0,0,0,0,0,1,0,0,1,2,2,0,0,0,1,2,1
a62,2,1,2,0,1,0,0,2,2,1,0,0,0,0,0,0,0,0,1,0,0,0,1,1,2,0,0,1,1,2,2,1,0,1,0,2,1,0,1,0,1,0,0,1,2,1,1,0,1,0,1,0,1,1,1,1,0,1,2,1,0,1,0,0,1,2,1,0,0,0,0,2,0,2,0,0,0,0,0,0,0,0,1,2,0,1,0,0,1,1,0,1,0,1,1,1,0,2,0,0,0,1,0,0,0,2,0,1,0,1,1,0,2,0,2,1,2,0,0,2,0,1,0,0,2,0,1,0,1,1,0,1,1,1,0,0,1,1,1,2,1,0,0,1,1,0,1,0,0,0,1,0,1,0,0,1,2,0,1,2,1,1,1,0,0,1,1,0,2,2,0,0,0,0,2,0,0,1,0,2,1,1,2,1,0,0,1,0,1,0,1,1,2,1,2,0,0,1,1,2
a63,2,1,1,2,0,1,0,2,1,1,0,0,0,0,0,0,1,0,2,0,0,2,1,0,2,0,0,0,2,2,2,0,0,1,1,2,1,1,2,1,0,0,0,1,1,2,1,0,1,1,2,0,0,0,1,1,0,0,0,0,1,0,0,0,0,1,0,0,0,0,0,2,0,2,0,0,0,0,0,0,0,1,0,2,1,1,0,0,0,1,0,0,0,0,0,1,1,1,1,0,0,0,0,0,0,1,0,0,0,0,1,0,1,0,2,0,1,0,0,1,0,2,0,1,2,1,1,1,0,1,2,1,0,0,0,0,0,1,1,0,1,0,1,1,2,0,2,0,1,0,1,0,1,1,0,2,1,0,0,2,0,2,2,0,0,0,0,1,1,0,1,0,0,0,2,0,1,1,0,2,2,0,1,1,0,0,1,0,2,0,1,2,1,0,0,0,1,1,1,1
a64,1,0,1,1,1,2,0,1,1,1,1,1,0,0,0,0,0,0,0,0,1,2,1,1,2,1,0,0,1,1,1,0,0,2,1,1,1,1,2,0,0,1,0,1,0,1,2,0,1,2,1,0,0,0,2,2,0,1,1,0,0,1,0,0,1,2,0,0,0,0,0,1,0,1,1,0,0,0,1,1,0,2,0,2,1,0,0,0,0,2,0,0,0,0,0,0,0,2,1,0,0,0,0,1,1,0,0,0,0,0,1,0,0,0,1,0,0,1,0,1,0,2,0,0,1,2,1,0,0,0,1,1,0,0,0,1,0,1,1,2,2,0,0,0,1,0,1,0,2,0,0,0,2,2,0,0,1,1,1,1,0,0,1,0,0,0,0,2,2,0,0,1,1,0,1,0,1,0,0,1,0,0,1,0,0,1,1,1,2,1,2,0,1,0,1,1,0,1,2,1
a65,1,1,1,1,0,1,0,2,0,1,1,0,0,0,0,0,0,0,2,0,1,2,0,1,1,0,0,1,2,2,2,1,0,1,0,1,2,0,2,1,1,1,1,1,1,1,0,0,1,1,1,0,1,1,1,1,0,1,1,0,1,0,0,1,1,1,1,0,0,2,0,2,0,2,1,0,0,0,1,1,1,1,1,1,0,0,0,0,1,1,0,1,0,1,2,2,0,2,0,0,0,0,0,0,1,2,0,0,0,0,0,0,0,0,1,0,2,1,0,2,0,1,0,1,0,0,1,2,1,0,1,1,0,0,0,1,2,1,1,0,1,0,2,1,0,0,2,0,1,0,0,1,1,2,0,0,2,1,1,1,1,1,2,0,0,1,0,0,2,1,2,1,0,0,1,0,0,2,0,1,0,0,0,1,0,1,1,1,1,0,1,0,1,0,1,1,0,2,1,1
a66,1,1,1,1,0,1,0,2,2,1,0,0,0,0,0,0,0,0,2,0,1,0,0,1,2,1,0,0,1,2,2,0,0,1,0,2,1,2,2,0,0,1,0,0,1,2,0,0,0,2,2,1,0,0,0,1,0,1,1,0,0,1,0,0,1,2,0,0,0,0,0,1,0,1,0,0,0,0,0,0,0,1,2,1,2,0,0,0,2,1,0,0,0,1,0,1,1,2,1,0,0,0,0,0,0,1,0,0,1,1,1,0,1,0,1,0,1,1,0,2,1,2,0,0,2,0,0,1,0,1,1,1,0,1,0,0,2,2,1,2,1,0,0,2,0,0,0,0,1,0,0,0,1,0,0,0,2,0,1,1,0,1,0,0,0,0,0,0,2,1,0,0,1,0,2,0,0,0,0,1,1,0,1,0,0,0,2,0,1,0,0,0,2,0,2,0,1,1,1,2
a67,2,1,1,1,0,0,0,0,1,0,1,2,0,0,0,0,0,0,2,0,0,2,0,0,1,1,1,1,1,1,0,0,1,0,1,1,0,1,2,1,1,1,0,1,0,1,0,0,1,0,0,0,0,1,0,0,0,0,1,1,1,0,0,1,0,1,1,1,0,0,1,2,0,2,0,0,1,1,1,0,1,0,0,0,0,0,0,1,1,2,0,1,0,1,1,1,1,1,0,1,0,1,0,0,1,1,0,0,0,2,1,0,0,0,1,0,1,0,0,2,0,1,0,1,1,0,0,1,0,1,1,1,0,0,0,1,0,0,0,1,1,0,1,1,2,1,0,1,1,1,0,0,1,0,1,1,1,0,1,0,0,0,0,1,0,1,0,1,1,1,1,1,0,2,2,2,0,0,1,2,0,0,1,1,0,1,0,1,1,1,0,0,1,2,1,1,0,2,2,1
a68,2,1,2,1,0,2,0,1,1,1,1,1,0,0,0,0,0,0,1,0,0,1,0,0,0,0,1,0,0,1,2,0,1,0,0,1,2,1,1,1,1,0,1,1,0,1,1,0,1,1,2,0,0,0,1,1,0,1,0,0,2,1,0,1,0,0,1,1,0,1,0,2,0,2,1,0,0,0,0,0,1,1,0,1,1,0,0,0,1,2,0,0,0,1,0,2,1,0,0,0,0,0,0,1,1,1,0,0,1,1,2,0,1,0,1,0,0,0,0,2,0,2,0,1,0,0,0,0,0,1,1,1,0,0,0,1,0,0,1,0,1,0,2,1,2,0,1,0,0,1,0,1,1,0,1,0,2,2,0,1,1,0,1,0,0,0,0,0,1,0,2,0,1,1,0,0,0,1,0,1,0,0,2,0,0,0,0,0,0,0,1,0,2,1,0,1,1,2,2,1
a69,1,0,0,1,0,1,0,2,0,0,0,1,1,0,0,1,0,0,1,0,0,0,0,1,2,0,1,0,0,1,2,0,1,1,0,2,2,0,1,0,1,0,1,1,0,2,2,0,0,0,2,0,0,0,0,2,0,0,0,0,1,1,0,1,0,1,1,0,0,1,1,1,0,1,1,0,0,0,0,2,1,2,1,1,1,1,1,0,0,2,0,0,0,1,0,2,0,1,1,1,0,0,0,1,1,1,0,0,0,1,2,0,0,0,2,0,1,0,0,1,0,1,0,0,0,0,0,0,0,0,1,0,0,0,0,0,1,0,0,1,0,0,1,0,1,1,1,0,0,1,0,1,0,0,0,0,2,2,1,2,1,1,1,1,0,1,0,1,1,1,1,0,0,1,0,0,0,1,0,0,1,1,0,0,0,0,0,0,1,0,0,0,2,1,0,0,1,2,2,2
a70,0,1,1,0,1,0,0,2,1,0,0,2,0,0,0,1,0,1,2,0,1,2,1,1,2,0,1,1,1,2,2,0,1,0,0,2,2,1,1,0,0,1,0,0,1,2,2,0,0,1,2,0,1,1,1,2,0,0,1,0,0,0,0,1,2,1,1,1,0,2,1,2,0,2,0,0,0,0,0,1,1,1,0,0,2,0,0,0,1,1,0,1,0,2,0,2,1,1,2,1,0,0,0,1,0,0,0,0,0,1,1,0,1,0,0,0,0,1,0,2,0,1,0,2,2,1,1,2,0,1,0,2,0,1,0,0,1,1,0,1,1,0,1,0,1,0,0,0,1,1,0,0,1,0,0,0,2,0,2,2,0,1,0,1,0,1,0,0,2,2,1,0,1,0,2,0,1,1,0,1,1,0,0,2,0,0,0,0,2,1,0,0,2,2,1,0,0,2,1,2
a71,0,2,1,1,0,1,1,2,1,2,0,0,0,1,0,0,1,0,0,0,0,0,2,1,0,0,0,0,1,2,2,0,0,1,0,1,1,2,1,0,1,0,0,1,1,1,1,0,1,2,2,0,0,0,1,1,0,1,2,0,0,1,0,0,0,2,0,0,0,0,0,1,0,1,0,0,0,0,0,0,0,1,0,2,1,0,0,0,0,1,0,0,0,0,0,0,0,1,0,0,0,1,0,1,0,2,0,0,1,0,1,0,0,0,2,0,2,0,0,2,0,2,0,0,2,2,2,0,0,2,2,1,1,0,0,0,0,1,2,0,2,0,0,1,1,0,1,0,1,0,1,0,2,1,0,1,2,0,0,1,0,1,1,0,0,1,0,0,2,0,0,0,0,0,2,0,1,0,0,2,0,0,2,0,0,0,1,0,2,0,1,0,2,0,2,0,1,1,1,2
a72,1,1,2,0,1,0,1,1,2,1,0,2,0,1,0,0,0,0,2,0,0,0,1,2,1,1,0,1,1,2,2,1,0,0,0,2,1,2,1,0,0,1,1,0,2,1,1,0,0,2,2,0,1,1,1,2,0,1,0,1,0,0,0,1,2,1,1,0,0,1,0,2,0,2,0,0,0,0,1,0,1,0,2,2,1,1,0,0,1,2,0,1,1,2,0,2,0,2,1,1,0,1,0,1,0,0,0,1,0,1,2,0,1,0,1,1,0,2,0,2,0,1,0,1,1,0,1,0,1,2,1,1,0,1,1,0,1,2,1,1,1,0,0,1,0,0,0,0,1,0,2,0,2,0,0,0,2,0,2,1,0,1,0,1,0,0,1,0,2,0,0,0,2,0,2,0,1,0,0,2,1,0,0,2,0,1,1,1,2,1,0,0,2,1,2,1,0,2,2,1
a73,1,1,1,0,1,1,0,2,1,0,0,1,0,0,0,0,0,1,2,0,1,2,1,1,1,0,1,1,0,1,1,1,0,0,2,1,1,0,1,0,0,0,0,1,1,1,1,0,1,1,1,1,1,1,0,1,0,0,0,0,1,0,0,2,1,0,2,1,0,1,1,2,0,2,0,0,0,0,1,1,2,0,2,0,1,0,1,0,1,1,0,1,0,1,1,1,1,0,1,2,0,0,0,2,1,1,0,0,1,2,1,0,0,0,1,0,1,1,0,1,0,2,0,1,1,1,1,2,0,2,0,1,1,2,0,0,1,0,0,1,1,1,1,0,0,0,1,1,1,2,0,1,1,0,0,0,1,1,2,1,0,1,1,2,1,1,0,0,1,2,1,1,0,1,1,0,1,0,0,1,2,0,0,1,0,0,0,0,1,2,0,0,1,1,0,0,1,1,1,1
a74,2,2,2,1,0,2,1,1,2,0,0,0,1,0,0,1,0,0,2,0,0,1,1,0,2,0,0,1,0,2,2,1,0,0,0,2,1,1,2,0,1,0,0,1,2,1,1,0,1,1,1,0,1,1,0,1,0,1,0,0,0,1,0,1,0,1,1,0,0,0,0,1,0,1,0,0,0,0,1,0,0,1,2,1,1,0,1,0,0,0,0,1,0,0,1,1,1,1,1,1,0,0,0,0,0,2,0,0,2,1,0,0,0,0,2,1,2,1,0,1,0,1,0,0,2,0,1,2,1,1,1,0,1,1,0,0,2,1,0,1,0,1,0,0,0,0,1,0,0,1,0,0,0,0,1,1,2,0,0,1,0,1,0,1,0,0,1,0,1,1,0,1,0,0,2,0,0,1,0,1,2,1,0,0,0,0,1,0,1,1,0,2,2,0,0,0,2,1,0,1
a75,0,1,1,0,0,1,0,2,1,0,0,1,0,0,0,1,0,0,2,0,0,1,0,2,1,1,0,1,2,1,2,0,0,1,1,1,0,1,1,0,1,2,1,0,1,1,2,0,1,0,1,1,1,1,0,1,0,1,0,0,1,1,0,1,2,1,1,0,0,2,0,2,0,2,0,0,0,0,1,2,0,0,0,0,1,0,0,0,1,2,0,1,0,0,1,1,1,2,1,0,0,0,0,0,1,1,0,0,0,0,2,0,1,0,0,0,1,0,0,2,1,1,0,1,1,0,0,2,1,1,0,1,0,0,1,0,1,1,0,2,1,1,1,1,0,0,1,0,0,0,1,1,1,1,0,0,1,0,1,0,0,1,1,0,0,0,0,0,1,0,1,1,2,0,2,0,1,0,0,2,1,0,0,1,0,1,1,1,1,0,0,0,1,1,1,1,0,1,2,1
a76,1,0,1,1,2,1,0,1,2,0,1,1,1,0,0,0,1,1,2,0,0,1,0,1,1,0,1,1,1,2,2,0,1,0,0,1,1,1,1,2,0,1,0,2,0,0,0,0,0,2,1,0,0,1,0,0,1,1,1,1,0,1,0,0,0,2,0,1,0,0,1,2,0,2,0,0,0,0,0,0,1,1,1,0,0,0,0,1,0,2,1,1,0,1,0,1,0,1,0,1,0,1,0,0,0,1,0,1,1,1,2,0,0,0,1,0,0,1,0,2,0,1,0,0,2,0,0,0,0,1,1,1,0,0,0,1,0,1,1,2,1,0,1,2,1,1,1,0,1,0,1,0,1,0,0,0,2,0,0,0,1,0,0,1,0,1,1,2,2,0,1,0,1,0,2,1,0,1,2,1,0,1,1,0,0,0,1,0,2,1,0,0,2,0,2,0,0,1,2,0
a77,1,0,1,1,1,1,0,1,1,0,0,1,1,1,0,0,1,0,2,0,0,1,0,0,2,0,1,0,0,1,2,0,1,0,0,2,2,0,1,0,0,0,1,2,1,0,0,0,0,1,2,1,0,0,0,1,1,1,0,0,0,1,0,1,1,1,1,1,1,1,1,2,0,1,0,0,0,0,0,0,1,1,1,0,1,0,1,0,0,2,1,0,0,1,0,2,1,1,0,0,0,0,0,1,1,1,0,1,0,0,2,0,1,0,1,0,2,0,0,2,0,1,0,0,1,0,0,0,0,0,1,0,0,0,0,0,0,1,0,2,0,0,0,1,1,0,0,0,0,0,1,0,0,1,0,0,2,0,1,1,1,0,0,0,0,2,1,1,1,1,0,0,2,1,2,0,0,2,0,1,0,2,1,0,0,0,1,0,0,0,0,0,2,1,1,0,0,1,2,1
a78,1,0,2,1,0,0,0,2,2,1,0,1,0,0,0,0,0,0,0,0,0,1,0,0,1,0,0,0,1,1,2,1,0,0,1,2,1,2,2,0,1,0,0,0,2,2,2,0,1,0,1,0,1,0,1,2,0,0,1,0,0,1,0,0,0,1,0,0,1,0,0,1,0,1,0,0,0,0,0,1,0,1,1,2,1,2,1,0,2,1,0,0,0,0,0,1,1,1,0,0,0,0,0,0,0,1,0,0,0,1,1,0,1,0,2,1,1,0,0,1,0,1,0,0,2,0,0,0,2,1,1,0,0,1,0,0,1,1,1,2,0,0,0,0,1,0,2,0,1,0,1,1,0,1,0,1,1,0,0,2,0,1,2,0,0,0,0,0,2,1,0,0,0,0,2,0,0,0,0,1,2,0,1,0,0,0,1,0,2,0,0,1,1,0,1,0,0,1,1,2
a79,0,1,0,1,0,0,0,1,0,1,0,1,0,0,0,0,0,0,0,0,1,1,1,0,0,0,1,1,0,2,1,0,1,0,2,1,0,0,1,1,2,1,1,0,1,0,0,0,1,0,2,0,0,1,0,0,0,0,1,0,0,1,0,0,0,0,0,1,0,1,0,1,0,0,0,0,0,0,0,0,0,0,0,1,1,0,0,0,1,1,0,1,0,1,1,1,2,1,0,0,0,0,0,0,1,0,0,0,0,1,1,0,0,0,1,0,0,0,0,2,0,2,0,0,1,1,1,1,1,0,0,1,1,1,0,0,1,0,1,1,0,0,1,2,2,2,0,1,1,0,1,1,0,0,0,0,0,1,0,1,0,2,0,1,1,0,0,1,1,0,1,0,0,1,1,0,0,1,0,2,2,0,0,0,0,0,0,0,1,1,0,1,0,1,1,0,1,1,1,0
a80,1,2,1,0,0,2,1,0,1,1,1,0,0,0,0,0,1,0,1,0,1,2,0,1,0,0,0,0,2,2,2,0,0,0,0,1,1,0,1,0,2,2,0,1,1,0,0,0,1,0,1,0,1,0,1,1,0,1,2,1,0,1,0,1,1,0,1,1,0,1,0,2,0,1,1,0,1,0,1,0,0,2,1,0,1,0,0,0,1,1,0,0,0,0,1,1,1,1,0,0,0,1,0,0,1,1,0,0,0,1,1,0,0,0,1,0,0,0,0,2,0,1,1,0,0,0,0,0,0,1,1,0,0,0,0,1,1,1,2,1,0,0,0,2,1,0,1,1,2,0,0,0,0,1,0,1,2,0,1,2,1,0,1,0,0,0,0,2,2,1,0,0,0,1,2,0,0,1,1,1,0,0,1,0,0,0,1,0,1,0,1,0,2,0,2,0,0,2,1,0
a81,2,1,1,0,1,2,0,0,1,0,1,0,1,0,0,0,1,1,1,0,0,1,0,1,1,0,1,0,1,2,2,0,0,0,0,1,1,2,0,2,0,1,0,2,0,0,1,0,1,2,2,0,0,0,0,1,0,1,0,0,1,1,0,0,0,1,0,1,0,0,0,2,0,2,1,0,0,0,0,0,0,1,0,1,1,0,0,1,1,2,0,0,0,1,0,2,0,0,0,0,0,0,0,1,0,1,0,1,0,0,2,0,1,0,2,0,0,1,0,2,0,1,0,0,1,0,0,0,0,1,1,1,0,0,0,1,0,1,0,1,1,0,1,1,2,1,1,0,1,0,0,0,1,0,0,0,2,1,0,1,0,0,0,0,0,1,1,1,2,0,1,0,2,0,1,1,0,2,1,1,0,0,2,0,0,0,1,0,1,0,0,0,2,1,1,0,1,1,2,0
a82,0,1,0,2,1,1,0,1,1,1,0,1,0,0,0,0,0,0,0,0,1,1,2,1,1,0,0,0,0,2,1,0,0,1,2,1,0,1,2,0,1,1,0,0,1,0,1,0,1,1,2,0,0,0,1,1,0,1,0,0,0,2,0,0,1,1,0,0,0,0,0,1,0,1,0,0,0,0,0,1,0,1,0,1,1,0,0,0,1,2,0,0,0,0,0,1,1,2,1,0,0,0,0,0,2,0,0,0,0,1,1,0,0,0,1,0,0,1,0,1,0,2,0,0,1,2,1,0,1,0,1,0,1,1,0,0,0,0,1,2,1,0,0,1,1,1,0,0,1,0,1,0,1,1,0,0,0,1,1,1,0,1,0,0,0,0,0,1,2,0,0,0,1,0,1,0,1,1,0,2,1,0,1,0,0,0,0,0,1,1,1,1,1,1,0,0,0,1,2,0
a83,2,0,2,1,1,1,0,2,2,0,1,1,1,0,0,0,1,0,2,0,0,1,0,1,1,0,2,0,1,2,2,0,0,0,0,2,1,0,1,2,0,1,1,2,0,0,1,0,0,1,2,0,0,0,0,0,1,2,0,1,1,1,0,0,0,1,0,2,0,1,0,2,0,2,0,0,0,0,0,0,2,0,0,1,1,0,0,1,0,2,1,0,0,1,0,1,1,0,0,0,0,0,0,1,1,0,0,0,1,1,2,0,0,0,1,0,0,1,0,2,0,1,0,1,1,0,0,0,0,1,1,2,0,0,0,1,0,1,0,1,2,0,1,1,1,1,1,0,0,1,1,1,2,0,0,0,2,1,0,1,0,0,0,0,0,1,0,1,1,0,1,0,2,1,1,1,0,2,1,2,0,0,2,0,0,0,1,0,1,0,0,0,2,0,1,0,0,1,2,0
a84,1,1,2,0,1,0,0,1,2,1,0,1,0,0,0,0,0,0,1,0,0,0,1,1,2,1,0,0,0,2,2,0,0,0,0,2,2,1,1,0,1,1,1,1,2,2,2,0,1,1,1,0,2,0,1,1,0,0,1,0,0,0,0,1,1,1,1,0,0,0,0,2,0,2,0,0,0,0,1,0,0,0,2,2,0,0,0,0,0,2,0,0,0,2,0,2,0,2,0,0,0,1,0,0,0,1,0,1,0,2,2,0,2,0,1,1,1,1,0,2,0,0,0,1,2,0,1,0,1,1,0,1,1,2,1,0,2,1,0,1,1,0,0,0,0,0,0,0,0,0,1,0,1,0,0,1,2,0,1,1,0,2,0,0,0,0,2,0,2,1,0,0,1,0,2,0,1,1,0,2,2,0,1,1,0,1,1,1,2,0,0,0,2,2,2,1,0,2,2,2
a85,0,0,1,0,0,1,0,2,1,0,0,1,0,0,0,2,0,0,1,0,0,0,0,1,2,0,1,1,1,1,2,0,1,2,0,1,1,0,0,0,0,1,2,1,2,2,2,0,0,0,1,1,1,0,0,1,0,0,0,0,1,2,0,0,1,2,0,0,0,2,0,2,0,1,1,0,0,0,1,2,0,1,1,0,1,0,0,0,0,2,0,0,0,1,0,1,0,2,1,1,0,0,0,1,1,0,0,0,0,0,2,0,1,0,0,0,1,0,0,1,1,1,0,0,1,0,0,1,1,0,0,0,0,0,1,0,2,1,0,1,0,1,0,1,0,0,2,0,0,0,0,0,0,0,0,0,2,1,1,1,0,2,2,0,0,0,0,0,2,0,0,1,1,0,1,0,1,0,0,1,2,0,1,0,0,1,1,1,0,0,0,0,2,1,1,1,0,1,2,2
a86,2,0,1,2,0,2,0,2,1,1,1,0,1,0,0,0,0,0,2,0,0,2,0,0,2,0,1,0,1,2,2,0,0,0,0,2,2,0,1,1,0,0,2,2,2,1,0,0,0,1,2,1,0,0,1,0,1,1,1,0,1,0,0,1,1,1,1,1,0,1,1,2,0,2,1,0,0,0,0,0,1,2,1,1,1,0,1,0,1,2,0,0,0,1,1,2,0,2,0,0,0,0,0,0,0,2,0,0,0,0,1,0,1,0,2,0,2,1,0,2,0,1,0,1,0,0,1,1,1,0,2,0,0,0,0,1,1,2,1,1,0,0,1,1,0,0,1,0,0,0,0,1,0,1,0,0,2,0,1,1,0,1,1,0,0,2,1,1,2,0,1,0,1,1,2,0,0,2,0,0,0,1,0,1,0,0,2,0,1,0,1,0,1,1,2,0,0,1,2,2
a87,2,2,1,1,0,0,0,1,0,0,0,1,0,0,0,0,0,0,2,0,1,2,1,0,1,1,0,2,1,1,0,1,0,0,1,2,1,1,2,0,1,1,0,2,0,2,1,0,0,0,1,1,1,2,0,0,0,0,1,0,1,0,0,1,1,1,1,1,0,1,1,2,0,2,0,0,1,1,1,0,2,0,1,0,1,0,0,1,1,1,0,2,0,0,1,0,2,1,1,2,0,1,0,1,1,1,0,0,0,2,0,0,0,0,2,0,1,0,0,2,0,1,0,1,0,0,1,2,0,2,1,1,1,1,0,1,1,0,0,1,1,0,1,1,1,0,1,0,1,2,0,1,1,0,1,1,2,1,1,0,0,1,1,2,0,2,0,1,1,2,1,1,0,2,1,1,1,0,0,1,1,0,0,1,0,1,0,1,0,2,0,0,1,2,1,1,1,1,1,2
a88,1,1,2,1,1,0,0,2,2,0,0,2,0,0,0,1,0,1,1,0,0,1,1,1,1,0,0,1,2,1,2,1,0,0,1,2,1,2,2,0,1,1,0,0,1,2,2,0,0,1,2,0,1,1,1,2,0,0,1,0,0,0,0,1,1,1,1,0,0,1,0,1,0,2,0,0,0,0,0,1,0,1,0,1,2,1,0,0,2,1,0,1,0,1,0,1,2,1,1,1,0,0,0,0,0,1,0,0,0,0,1,0,1,0,1,0,0,0,0,1,0,2,0,1,2,1,1,1,1,0,1,1,0,0,0,0,1,2,0,2,1,0,0,0,1,0,1,0,1,1,0,0,1,0,0,0,1,0,1,2,0,1,1,1,0,0,0,0,2,2,0,0,0,0,2,0,1,1,0,2,1,0,0,1,0,0,1,0,2,1,0,0,1,1,1,0,0,1,1,2
a89,1,1,1,1,0,1,0,2,0,0,0,2,1,0,0,1,0,0,2,0,0,1,0,1,1,0,0,1,1,1,2,0,0,0,0,1,1,1,1,0,1,1,0,0,1,1,2,0,0,0,2,1,1,1,0,2,0,1,0,0,1,2,0,1,1,1,1,0,0,1,0,1,0,1,0,0,0,0,0,2,0,1,1,1,0,0,0,0,1,2,0,1,0,1,0,2,0,1,1,0,0,0,0,0,2,2,0,0,0,0,2,0,1,0,1,0,0,0,0,2,1,1,0,0,0,0,0,1,1,1,1,0,0,0,0,0,2,0,0,1,0,0,1,1,0,1,1,0,0,1,1,2,0,0,0,0,2,1,2,1,0,1,1,0,0,1,0,0,1,0,1,0,1,1,1,0,0,1,0,1,1,1,0,0,0,1,0,1,2,0,0,0,2,1,0,1,1,1,2,1
a90,1,0,2,1,1,1,0,1,1,0,0,1,0,0,0,0,1,0,2,0,0,2,0,0,2,0,1,0,1,1,2,0,0,0,1,2,1,0,2,0,0,0,1,1,1,1,0,0,1,1,2,0,0,0,0,2,1,1,0,0,0,1,0,0,1,1,1,1,0,0,0,2,0,1,0,0,0,0,0,0,0,0,0,1,0,0,1,0,0,2,1,0,0,0,0,1,1,1,0,0,0,0,0,1,0,1,0,1,0,0,2,0,1,0,1,0,1,0,0,1,0,2,0,0,2,1,0,0,0,0,1,0,0,0,0,0,0,1,0,1,0,0,0,2,2,0,1,0,1,0,1,0,0,1,0,1,1,0,1,2,0,1,1,0,0,1,1,0,1,1,0,0,1,0,2,0,1,2,0,2,1,1,1,0,0,0,1,0,1,0,0,1,2,0,1,0,0,0,2,1
a91,1,2,1,0,1,1,0,2,2,0,0,0,0,0,0,0,0,0,1,0,1,1,0,0,2,0,1,2,0,1,2,1,0,1,1,2,1,0,0,0,1,0,0,0,2,2,1,0,1,0,1,1,2,2,0,2,0,0,1,0,0,1,0,1,0,1,2,1,0,0,1,2,0,2,0,0,0,0,1,1,1,0,1,1,1,0,1,0,0,1,0,2,0,1,0,2,1,1,1,1,0,0,0,1,1,2,0,1,0,2,1,0,1,0,1,1,2,0,0,1,0,2,0,0,2,0,0,1,1,1,0,0,0,2,0,0,2,1,0,1,0,1,0,0,1,0,1,0,1,1,0,1,0,0,0,0,1,0,1,1,0,1,1,1,0,1,1,0,1,2,0,1,0,0,2,0,0,0,0,1,2,1,1,0,0,0,1,0,1,1,0,1,2,2,1,0,1,1,1,2
a92,1,1,1,0,1,0,0,2,2,0,0,0,0,0,0,0,0,0,1,0,0,1,0,0,1,0,0,0,0,2,2,0,0,0,1,1,2,0,2,0,0,0,0,0,2,1,1,0,1,1,1,1,2,0,0,2,0,0,1,1,0,1,0,1,1,1,2,0,0,1,1,2,0,2,0,0,0,0,0,1,1,0,2,1,0,0,0,0,1,1,0,0,0,1,1,2,1,1,0,1,0,0,0,1,0,1,0,1,0,1,1,0,1,0,1,0,2,0,0,2,0,1,0,0,2,1,0,1,0,1,0,1,0,1,0,0,2,1,0,1,1,0,0,1,0,0,2,0,0,1,0,0,1,0,0,1,1,0,1,1,0,1,2,1,0,1,1,0,1,2,0,0,0,0,2,0,1,1,0,1,1,0,1,0,0,0,1,0,1,1,0,0,2,2,1,0,0,1,1,2
a93,1,0,1,1,0,0,0,2,2,0,0,1,0,0,0,0,1,0,1,0,0,2,0,0,1,0,0,0,2,1,2,0,0,1,1,2,1,2,2,1,0,0,0,1,2,2,1,0,2,0,1,0,0,0,1,1,0,0,0,0,0,0,0,0,0,1,0,0,0,0,0,2,0,2,0,0,0,0,0,1,0,2,0,2,1,2,0,0,1,1,0,0,0,0,0,2,1,0,0,0,0,0,0,0,0,1,0,0,0,0,1,0,2,0,2,1,1,0,0,2,0,2,0,0,2,0,0,0,1,1,1,0,0,0,0,0,0,0,0,1,0,0,0,1,2,0,2,0,1,0,1,1,0,1,0,1,1,0,0,2,0,2,2,0,0,0,0,1,2,0,1,0,0,0,2,0,0,1,0,1,2,0,1,0,0,0,0,0,2,0,0,1,1,0,0,0,1,2,1,1
a94,0,1,1,2,0,2,0,2,2,2,0,0,0,1,0,0,0,0,1,0,0,0,1,1,1,0,0,0,2,2,2,0,0,2,0,1,2,2,2,0,1,1,0,0,1,1,0,0,0,2,2,1,0,0,0,1,0,2,1,0,0,2,0,0,1,2,0,0,0,0,0,0,0,0,0,0,0,0,0,0,0,2,1,1,2,0,0,0,1,2,0,0,0,0,0,1,0,2,1,0,0,1,0,0,0,2,0,0,1,0,2,0,0,0,1,0,2,0,0,2,1,2,0,0,2,1,1,1,0,1,2,2,1,0,0,0,1,1,2,1,2,0,0,2,1,0,0,0,2,0,1,0,2,0,0,0,2,0,1,2,0,0,0,0,0,1,0,0,2,1,0,0,0,0,2,0,1,0,0,1,0,0,1,0,0,0,1,0,2,0,0,0,2,0,2,0,0,0,2,2
a95,1,1,0,1,0,0,1,2,0,1,0,0,0,1,0,0,0,0,0,0,0,0,1,1,1,0,0,0,1,2,2,0,1,1,0,1,1,1,1,0,2,0,1,2,0,2,1,0,1,1,2,0,0,0,1,2,0,0,1,0,0,1,0,1,0,2,0,0,0,0,1,1,0,1,0,0,0,0,0,1,1,1,1,2,2,0,0,0,0,2,0,0,0,1,0,1,0,2,1,0,0,1,0,1,1,1,0,0,1,1,2,0,0,0,2,0,2,0,0,1,0,1,0,0,1,1,1,0,0,1,1,0,1,0,0,0,1,1,1,0,1,0,0,1,0,1,0,0,0,1,0,1,1,1,0,1,2,1,0,1,0,1,0,0,0,2,0,1,1,1,0,0,0,1,1,0,0,0,0,1,0,0,1,0,0,0,0,0,2,0,1,0,2,1,1,0,2,1,2,2
a96,1,2,1,1,0,1,1,1,2,1,1,0,0,0,0,0,1,0,2,0,0,1,0,1,1,1,0,0,2,2,2,0,0,0,0,1,1,1,2,0,1,2,0,0,2,1,0,0,1,1,1,1,1,0,0,0,0,0,1,0,0,1,0,1,0,1,0,1,0,0,0,1,0,1,0,0,0,0,1,0,0,2,2,0,1,0,0,0,2,1,0,0,0,0,0,1,1,1,1,0,0,1,0,0,0,1,0,0,1,2,1,0,1,0,1,0,1,0,0,2,1,1,1,0,1,0,0,1,0,2,1,1,0,1,0,1,2,1,1,1,1,0,0,2,0,0,0,0,2,0,0,0,1,1,0,1,2,0,0,2,1,1,0,0,0,0,0,1,2,1,0,0,0,0,2,0,0,0,0,1,1,0,0,0,0,0,1,0,1,0,0,0,2,0,2,0,0,2,1,1
a97,0,1,0,0,0,1,0,2,0,0,0,1,0,0,0,2,0,0,2,0,0,1,0,1,2,1,1,1,1,0,2,0,1,2,0,2,1,1,1,0,1,1,0,0,0,1,2,0,0,0,2,0,1,1,0,1,0,1,0,0,1,0,0,2,1,0,2,0,0,2,0,2,0,2,0,0,0,0,0,2,0,1,1,1,2,1,0,0,1,2,0,1,0,0,0,1,1,1,2,0,0,0,0,1,2,0,0,0,0,0,2,0,0,0,1,0,1,0,0,2,0,1,0,1,1,0,0,1,0,1,0,1,0,0,0,0,2,1,0,2,1,1,2,1,0,0,1,0,0,0,0,1,1,1,0,0,2,1,1,1,0,1,1,0,0,1,0,0,1,0,2,1,1,0,1,0,0,0,0,1,0,0,0,1,0,0,1,0,2,0,0,0,2,2,1,0,0,1,2,1
a98,2,1,0,0,0,2,0,1,0,0,0,0,1,0,0,0,0,0,1,0,1,1,0,1,1,0,0,0,1,2,2,0,0,0,0,1,2,0,0,0,1,1,0,1,0,1,1,0,1,0,1,0,0,0,1,1,0,1,1,1,1,0,0,1,0,1,1,1,0,1,1,2,0,2,2,0,1,0,0,1,0,2,1,0,1,0,0,0,0,1,0,0,0,0,0,2,0,0,1,0,0,0,0,1,2,2,0,0,0,0,1,0,0,0,2,0,1,0,0,1,0,1,0,0,0,0,0,0,0,1,0,0,0,0,0,0,0,1,1,2,0,0,1,1,1,1,2,1,1,0,0,1,0,1,0,1,2,1,0,2,1,1,2,0,0,0,0,1,2,1,1,0,0,0,1,0,0,1,1,1,1,1,1,0,0,0,1,0,1,0,1,0,2,0,1,0,0,2,1,1
a99,1,1,1,1,0,1,1,2,1,0,0,0,1,0,0,0,0,0,1,0,0,0,1,0,2,0,0,1,0,2,2,1,0,0,0,2,2,0,2,0,1,0,1,1,1,2,1,0,0,1,2,0,0,1,0,2,0,1,0,0,1,1,0,2,0,0,2,0,0,1,1,2,0,1,0,0,0,0,0,1,0,1,2,1,2,1,2,0,0,1,0,1,0,1,0,1,0,1,2,1,0,0,0,0,1,1,0,0,1,1,1,0,0,0,2,0,2,1,0,0,0,2,0,0,1,0,0,1,0,0,1,0,0,0,0,0,1,1,0,0,0,0,1,0,0,1,0,0,0,1,0,0,0,0,0,0,2,1,1,2,1,0,0,1,0,1,1,0,0,1,1,0,0,0,1,0,0,2,0,1,1,1,0,0,0,0,1,0,0,0,0,1,2,0,0,0,1,2,1,2
a100,2,0,0,1,2,1,0,0,2,1,0,0,1,0,0,0,0,0,1,0,1,1,1,0,1,0,0,0,0,1,2,0,1,1,0,0,1,0,2,1,0,1,0,1,0,1,1,0,0,2,1,0,0,0,1,1,0,1,1,0,0,0,0,0,0,2,0,0,0,0,1,2,0,2,0,0,0,0,0,0,1,1,1,1,0,0,0,1,0,2,1,0,0,1,0,1,0,2,0,1,0,0,0,0,0,0,0,0,1,0,1,0,0,0,2,0,0,2,0,1,0,1,0,0,1,1,1,0,0,1,1,1,0,0,0,0,0,2,1,2,2,0,1,1,1,0,1,0,1,0,1,0,2,1,0,0,2,1,0,0,0,0,0,1,0,1,0,2,2,0,1,0,0,0,1,0,0,1,1,2,0,0,2,0,0,0,2,0,2,2,1,0,2,0,2,0,0,0,2,1
